5243.1,8784.970000000001,4.406473920000002
4669.3099999999995,8370.07,8.211326560000007
4634.239999999999,6797.380000000001,11.476742400000006
4634.239999999999,7447.34,14.71203024000009
4594.339999999999,7378.03,17.927770986666857
4594.339999999999,7360.52,21.089375946666845
4594.339999999999,6417.969999999999,24.244596160000086
4594.339999999999,7338.129999999999,27.39536202666666
4594.339999999999,7324.889999999999,30.544571893333245
4142.84,7324.889999999999,33.720264159999836
4142.84,7975.360000000001,36.90438677333308
4142.84,6906.84,39.94330629333301
4142.84,6912.719999999998,43.010840106666286
4142.84,6906.84,45.903794453332864
4142.84,6323.53,48.78378943999946
4142.84,6323.53,51.679731999999376
4142.84,6099.799999999998,54.53438255999929
4142.84,6851.5199999999995,57.4107265599992
4142.84,6851.5199999999995,60.279475786665785
4142.84,7048.530000000001,63.16994671999902
4142.84,6851.5199999999995,66.10328671999892
4142.84,5884.849999999999,68.95768021333217
4142.84,6323.53,71.81335482666542
4142.84,6906.84,74.72101791999866
4142.84,6906.84,77.60105637333189
4142.84,6906.84,80.51302538666512
4142.84,6906.84,83.40478037333169
4142.84,6323.53,86.26715551999825
4142.84,5966.469999999998,89.13523615999814
4142.84,6851.5199999999995,92.00617786666473
4142.84,6906.84,94.84259455999798
4142.84,5782.16,97.71924127999789
4142.84,6906.84,100.59262170666446
4142.84,5775.589999999999,103.452895413331
4142.84,6906.84,106.43383941333093
4142.84,6906.84,109.35356250666416
4142.84,5640.34,112.18053930666403
4142.84,6099.799999999998,115.01231813333061
4142.84,6851.5199999999995,117.8865174933305
4142.84,6323.53,120.79405146666373
4142.84,6851.5199999999995,123.67807493333032
4142.84,6245.309999999999,126.5656135466635
4142.84,6906.84,129.45794357333003
4142.84,6906.84,132.3316140799966
4142.84,6851.5199999999995,135.2224610133298
4142.84,6906.84,138.08356677332964
4142.84,6323.53,140.93335605332953
4142.84,6323.53,143.77293210666275
4142.84,6906.84,146.64610922666267
4142.84,6245.309999999999,149.54773311999588
4142.84,6851.5199999999995,152.4099807999958
4142.84,6323.53,155.23607583999566
4142.84,6906.840000000001,158.15253413332888
4142.84,7080.52,161.01996431999547
4142.84,6906.84,163.92513599999532
4142.84,6906.84,166.8188572799952
4142.84,6245.309999999999,169.6984835199951
4142.84,5782.16,172.56377626666168
4142.84,6099.799999999998,175.3862033599949
4142.84,6906.84,178.24121733332814
4142.84,6323.53,181.0779879999963
4142.84,6851.5199999999995,184.00781157333157
4142.84,6851.5199999999995,186.89256357333358
4142.84,5966.469999999998,189.7437897066689
4142.84,6851.5199999999995,192.65091754667094
4142.84,6323.53,195.4901864533398
4142.84,6851.5199999999995,198.3549496000086
4142.84,6851.5199999999995,201.21477146667743
4142.84,6851.5199999999995,204.0968669866796
4142.84,6906.84,206.96879317334836
4142.84,6906.84,209.85475381335036
4142.84,6906.84,212.7738081066856
4142.84,6906.84,215.6447944000211
4142.84,6245.309999999999,218.52011072002318
4142.84,6323.53,221.38107429335855
4142.84,7152.650000000001,224.3020597866939
4142.84,5544.84,227.15294704002926
4142.84,5966.469999999998,230.00995568003134
4142.84,6323.53,232.87168650670003
4142.84,6906.84,235.71873280003555
4142.84,6851.5199999999995,238.60843813337095
4142.84,6099.799999999998,241.4509294400397
4142.84,6323.53,244.3349900267084
4142.84,6906.84,247.240919573377
4142.84,7698.9800000000005,250.1258993067124
4142.84,6245.309999999999,252.97898816004772
4142.84,6323.53,255.87344416004976
4142.84,6851.5199999999995,258.70365818671866
4142.84,6906.84,261.5619442133874
4142.84,6851.5199999999995,264.4300349867228
4142.84,6323.53,267.2728818667248
4142.84,6245.309999999999,270.1272831467268
4142.84,6323.53,272.9803980800622
4142.84,5974.2,275.78670608006445
4142.84,6906.84,278.7521573333998
4142.84,6906.84,281.6653242667351
4142.84,6906.84,284.5795531200705
4142.84,6245.309999999999,287.4379997867393
4142.84,6906.84,290.2765041600748
4142.84,6851.5199999999995,293.2144208534101
4142.84,6851.5199999999995,296.02840266674554
4142.84,6851.5199999999995,298.9233169600808
4142.84,6851.5199999999995,301.8041421867496
4142.84,6906.84,304.710227840085
4142.84,6851.5199999999995,307.5801824534204
4142.84,6851.5199999999995,310.4819101334224
4142.84,6245.309999999999,313.3420052800911
4142.84,5974.2,316.1704119467599
4142.84,6851.5199999999995,319.05555152009526
4142.84,6851.5199999999995,321.94584522676394
4142.84,6906.84,324.8859263467659
4142.84,6851.5199999999995,327.77374517343475
4142.84,5775.589999999999,330.63323093343683
4142.84,6323.53,333.4981382934389
4142.84,6906.84,336.3368645867743
4142.84,6851.5199999999995,339.21317034677634
4142.84,7676.91,342.13082149344496
4142.84,6323.53,345.0488100801137
4142.84,6906.84,347.88624368011585
4142.84,6906.84,350.76408016011777
4142.84,6906.84,353.66030026678635
4142.84,6851.5199999999995,356.52980032012175
4142.84,6906.84,359.3691605334572
4142.84,6906.84,362.26558565345897
4142.84,6851.5199999999995,365.13183509346106
4142.84,6245.309999999999,367.9653702401297
4142.84,6851.5199999999995,370.86936357346497
4142.84,5966.469999999998,373.7273716268003
4142.84,6245.309999999999,376.61191424013566
4142.84,5974.2,379.4581998934709
4142.84,6906.84,382.3719290134729
4142.84,6906.84,385.25139610680816
4142.84,6323.53,388.11941514681024
4142.84,6323.53,391.0124576001454
4142.84,6851.5199999999995,393.91073952014733
4142.84,6851.5199999999995,396.78983690681594
4142.84,6101.429999999999,399.6565454401512
4142.84,6851.5199999999995,402.51901312015343
4142.84,6851.5199999999995,405.3543419734889
4142.84,6851.5199999999995,408.2280365334909
4142.84,5884.849999999999,411.0797472001594
4142.84,6246.879999999998,413.8824857068283
4142.84,6906.840000000001,416.7575592534969
4142.84,6906.84,419.61339098683214
4142.84,6323.53,422.4724040535009
4142.84,6099.799999999998,425.35733253350287
4142.84,6906.84,428.229297813505
4142.84,6851.5199999999995,431.08237477350696
4142.84,6851.5199999999995,433.9326864001755
4142.84,6323.53,436.82071024017756
4142.84,6906.84,439.6993055468464
4142.84,6851.5199999999995,442.6080044268483
4142.84,5974.2,445.4895938135167
4142.84,6906.84,448.3631118401854
4142.84,6906.84,451.24599573352083
4142.84,6245.309999999999,454.1298558401893
4142.84,6323.53,457.02273066685797
4142.84,6323.53,459.89977472019325
4142.84,6245.309999999999,462.7704571735284
4142.84,6323.53,465.6251218668637
4142.84,6851.5199999999995,468.4919722135326
4142.84,6851.5199999999995,471.3648213868682
4142.84,6906.84,474.23802309353687
4142.84,6851.5199999999995,477.0826417602056
4142.84,6323.53,479.9320773868742
4142.84,6906.84,482.8531876802093
4142.84,6906.84,485.7552723202113
4142.84,6474.780000000001,488.6220569068799
4142.84,6906.84,491.5188651202153
4142.84,6245.309999999999,494.3737020802175
4142.84,6906.84,497.29317274688583
4142.84,6323.53,500.16197557355457
4142.84,5775.589999999999,503.00492869355685
4142.84,6851.5199999999995,505.88358736022553
4142.84,6906.84,508.79216677356067
4142.84,6246.879999999998,511.68670709356235
4142.84,5974.2,514.519421920231
4142.84,6851.5199999999995,517.3803145602329
4142.84,6851.5199999999995,520.2568305602349
4142.84,6851.5199999999995,523.103500320237
4142.84,5782.16,525.9267998935724
4142.84,6906.84,528.8193268269077
4142.84,5974.2,531.6554560535762
4142.84,6906.84,534.5662738669114
4142.84,6851.5199999999995,537.4297398935801
4142.84,6245.309999999999,540.3070593602487
4142.84,6906.84,543.1443297602509
4142.84,6245.309999999999,546.0107162669196
4142.84,6851.5199999999995,548.8918976535883
4142.84,6245.309999999999,551.7344976535904
4142.84,6099.799999999998,554.5863290135924
4142.84,5775.589999999999,557.4091648002611
4142.84,6323.53,560.3462183469298
4142.84,6245.309999999999,563.1975445869318
4142.84,6906.84,566.0898373869337
4142.84,6851.5199999999995,569.0153340269355
4142.84,5436.049999999999,571.8086028269379
4142.84,6231.25,574.6744328536064
4142.84,6906.84,577.5334144002752
4142.84,6906.84,580.4459229869436
4142.84,6906.84,583.3329795736124
4142.84,6906.84,586.1861014936146
4142.84,6851.5199999999995,589.0444616536166
4142.84,6245.309999999999,591.8943624002854
4142.84,6245.309999999999,594.7632753602874
4142.84,6323.53,597.6068608536226
4142.84,5974.2,600.453436586958
4142.84,6851.5199999999995,603.2996476269598
4142.84,6906.84,606.1838477336286
4142.84,5974.2,609.0997934936304
4142.84,6906.84,611.9707753602991
4142.84,6323.53,614.8340860269677
4142.84,6906.84,617.7131675736366
4142.84,5974.2,620.5440884803054
4142.84,6851.5199999999995,623.3727352003076
4142.84,6099.799999999998,626.2599524269762
4142.84,5974.2,629.1261026136448
4142.84,6906.84,631.9956608003134
4142.84,6245.309999999999,634.8410650136489
4142.84,5974.2,637.6969721603176
4142.84,5782.16,640.5232173869865
4142.84,5966.469999999998,643.3745676803219
4142.84,6323.53,646.2385007469907
4142.84,6906.84,649.1092756269926
4142.84,6906.84,651.9965930669947
4142.84,6245.309999999999,654.8816738669967
4142.84,6851.5199999999995,657.7548058136653
4142.84,7009.96,660.6291395203336
4142.84,6323.53,663.5298446403357
4142.84,6851.5199999999995,666.4283157870043
4142.84,6851.5199999999995,669.2706363203397
4142.84,6099.799999999998,672.1428592536748
4142.84,5782.16,674.9539465070103
4142.84,6323.53,677.8065350403455
4142.84,6851.5199999999995,680.6787345603475
4142.84,6906.84,683.5752985603494
4142.84,6245.309999999999,686.4243592003517
4142.84,6906.84,689.3361928003535
4142.84,6906.84,692.2572291736885
4142.84,5775.589999999999,695.099594827024
4142.84,6323.53,697.9484054936926
4142.84,6851.5199999999995,700.808092267028
4142.84,6906.84,703.6943280003634
4142.84,6851.5199999999995,706.582974347032
4142.84,6323.53,709.4438572803674
4142.84,6906.84,712.3349861870363
4142.84,6851.5199999999995,715.1948764270381
4142.84,6906.84,718.0615029337073
4142.84,6906.84,720.9480330670428
4142.84,6242.410000000001,723.8052439470451
4142.84,6906.84,726.677548640381
4142.84,6851.5199999999995,729.5342688003834
4142.84,6906.84,732.380046667052
4142.84,6099.799999999998,735.2261939737209
4142.84,6746.84,738.1145074137235
4142.84,6245.309999999999,741.0283353603924
4142.84,6906.84,743.9003385070613
4142.84,5782.16,746.7412368003971
4142.84,6851.5199999999995,749.6029696003995
4142.84,5966.469999999998,752.4293632004018
4142.84,6245.309999999999,755.2958291204038
4142.84,6906.84,758.1669923204063
4142.84,6906.84,761.0288627737417
4142.84,5640.34,763.8691325870773
4142.84,5974.2,766.7070451737461
4142.84,6851.5199999999995,769.5756540804148
4142.84,6323.53,772.4478916270839
4142.84,5775.589999999999,775.3031555204196
4142.84,6323.53,778.1754039470887
4142.84,6940.040000000002,781.0472882670911
4142.84,6906.84,783.9600641604268
4142.84,5775.589999999999,786.7868459737626
4142.84,6906.84,789.6186138670987
4142.84,6906.84,792.4496547737676
4142.84,6851.5199999999995,795.3138024004361
4142.84,6323.53,798.197831947105
4142.84,6851.5199999999995,801.0915395737735
4142.84,5966.469999999998,803.941209333776
4142.84,6906.84,806.7838972271113
4142.84,6323.53,809.62541493378
4142.84,6851.5199999999995,812.4936462937824
4142.84,6245.309999999999,815.3651115737848
4142.84,6099.799999999998,818.2152344537875
4142.84,6245.309999999999,821.1068663471232
4142.84,6851.5199999999995,824.0001258671253
4142.84,7005.599999999999,826.9023821337943
4142.84,6851.5199999999995,829.7829957337966
4142.84,6323.53,832.6276609071319
4142.84,6099.799999999998,835.4672942404674
4142.84,6323.53,838.311570773803
4142.84,6099.799999999998,841.2057354671384
4142.84,5884.85,844.0275852804742
4142.84,6323.53,846.9207498671427
4142.84,6906.84,849.8021132804784
4142.84,6323.53,852.6927894938138
4142.84,6245.309999999999,855.5354322671494
4142.84,6323.53,858.384620747152
4142.84,6906.84,861.2320847471541
4142.84,6101.43,864.1058873071564
4142.84,5966.469999999998,866.9427544538253
4142.84,5974.2,869.791692480494
4142.84,6906.84,872.6508987204963
4142.84,6851.5199999999995,875.4882153071653
4142.84,6323.53,878.3688404271676
4142.84,6906.84,881.2695246405029
4142.84,6323.53,884.1254644271716
4142.84,6906.840000000001,886.9835870405068
4142.84,5974.2,889.8555084271759
4142.84,6906.84,892.7560364271781
4142.84,6323.53,895.6502539205135
4142.84,6906.84,898.5163753605159
4142.84,6906.84,901.4553390405179
4142.84,6851.5199999999995,904.3057181871867
4142.84,6906.84,907.1967758405223
4142.84,6099.799999999998,910.0138075738579
4142.84,6906.84,912.8968657605271
4142.84,5544.84,915.7038323205293
4142.84,6851.5199999999995,918.5245182938651
4142.84,6099.799999999998,921.3907964272006
4142.84,6099.799999999998,924.2465170672032
4142.84,5884.849999999999,927.1048216538724
4142.84,6906.84,929.981128320541
4142.84,6906.84,932.8419210672097
4142.84,6906.84,935.7018133872119
4142.84,5509.88,938.5311286405473
4142.84,6906.84,941.446162133883
4142.84,5782.16,944.2815113605521
4142.84,6851.5199999999995,947.1646518938882
4142.84,5974.2,950.0229353072235
4142.84,6323.53,952.8592082138924
4142.84,6323.53,955.7132370672283
4142.84,6323.53,958.6133246405641
4142.84,6851.5199999999995,961.4590627738997
4142.84,5884.849999999999,964.3049447472351
4142.84,6099.799999999998,967.1696660805707
4142.84,5966.469999999998,970.0080030405732
4142.84,6851.5199999999995,972.8711388272418
4142.84,6323.53,975.7082432005773
4142.84,6906.84,978.6227370672466
4142.84,6851.5199999999995,981.4596414939156
4142.84,5884.849999999999,984.2909010672508
4142.84,6906.84,987.1445782405867
4142.84,6099.799999999998,990.024230080589
4142.84,6323.53,992.8787625072581
4142.84,6851.5199999999995,995.7423922139269
4142.84,6245.31,998.5804270939294
4142.84,5966.469999999998,1001.4321448539316
4142.84,6906.84,1004.3077422939342
4142.84,6323.53,1007.1647993072697
4142.84,5436.049999999999,1009.9781753606054
4142.84,6851.5199999999995,1012.8715343472743
4142.84,6851.5199999999995,1015.7420414939432
4142.84,6099.799999999998,1018.6008872006121
4142.84,6099.799999999998,1021.4643956806143
4142.84,6323.53,1024.3109322672835
4142.84,6906.84,1027.2048833072863
4142.84,6323.53,1030.0583907206221
4142.84,6290.719999999999,1032.9221156806248
4142.84,6851.5199999999995,1035.8033686939605
4142.84,5974.2,1038.6371041606292
4142.84,6906.84,1041.5213645339647
4142.84,6245.309999999999,1044.3860540806338
4142.84,6099.799999999998,1047.2324632539696
4142.84,6245.309999999999,1050.1233338139718
4142.84,6099.799999999998,1052.9714142939745
4142.84,6851.5199999999995,1055.8430210673105
4142.84,6851.5199999999995,1058.7328857606458
4142.84,6851.5199999999995,1061.5842995206478
4142.84,6851.5199999999995,1064.4601986139835
4142.84,6099.799999999998,1067.299211787319
4142.84,5974.2,1070.1458684806544
4142.84,6245.309999999999,1072.9688106673236
4142.84,6245.309999999999,1075.8437260806593
4142.84,6851.5199999999995,1078.7442163206613
4142.84,6099.799999999998,1081.570445760664
4142.84,5974.2,1084.4349752006658
4142.84,6245.309999999999,1087.278930400668
4142.84,6906.84,1090.1437124273366
4142.84,6906.84,1093.0496846940052
4142.84,6245.309999999999,1095.9302074140073
4142.84,6906.84,1098.8325493873433
4142.84,5782.16,1101.7361322140123
4142.84,6245.31,1104.6043836273482
4142.84,6906.84,1107.475465654017
4142.84,6906.84,1110.3583400006858
4142.84,6906.84,1113.2584700273546
4142.84,6245.309999999999,1116.1482585073568
4142.84,6851.5199999999995,1118.987511307359
4142.84,6851.5199999999995,1121.8700314673617
4142.84,6851.5199999999995,1124.7215942940306
4142.84,6851.5199999999995,1127.5615106140328
4142.84,6099.799999999998,1130.4275900273683
4142.84,6851.5199999999995,1133.304941334037
4142.84,5775.589999999999,1136.1405222407059
4142.84,6906.84,1139.0103867740413
4142.84,5974.2,1141.87113152071
4142.84,6906.84,1144.7314036807122
4142.84,6851.5199999999995,1147.6032809607145
4142.84,6099.799999999998,1150.4575381340499
4142.84,5974.2,1153.3174028273854
4142.84,6323.53,1156.2268899207206
4142.84,6906.84,1159.120938614056
4142.84,5419.820000000001,1161.9286621340586
4142.84,6851.5199999999995,1164.8104387740614
4142.84,6906.84,1167.6954980273972
4142.84,6906.84,1170.5591268273997
4142.84,6906.84,1173.4802443207354
4142.84,6245.309999999999,1176.345440640738
4142.84,6323.53,1179.1682768007402
4142.84,6906.84,1182.102424427409
4142.84,6099.799999999998,1184.966816214078
4142.84,6245.309999999999,1187.8339282674135
4142.84,5974.2,1190.6782467740827
4142.84,5966.469999999998,1193.503962294085
4142.84,6245.309999999999,1196.3507357874207
4142.84,6851.5199999999995,1199.2153722674236
4142.84,6851.5199999999995,1202.0898801607595
4142.84,6323.53,1204.9766707207618
4142.84,5509.88,1207.7943627207644
4142.84,6245.309999999999,1210.6681760007666
4142.84,5775.589999999999,1213.4968270407687
4142.84,6323.53,1216.3454018141044
4142.84,6906.84,1219.218618614107
4142.84,5544.84,1222.0326264007758
4142.84,6906.84,1224.984461760778
4142.84,6851.5199999999995,1227.8658101874466
4142.84,6906.84,1230.7642252274488
4142.84,6906.84,1233.625669494118
4142.84,6851.5199999999995,1236.4608523207874
4142.84,6851.5199999999995,1239.3245739741228
4142.84,7879.599999999999,1242.1856109874586
4142.84,6906.84,1245.0801528007944
4142.84,6906.84,1247.9374109874634
4142.84,6246.879999999998,1250.8242256541325
4142.84,6323.53,1253.688224267468
4142.84,6906.84,1256.5517514674702
4142.84,6906.84,1259.452678454139
4142.84,6906.84,1262.4311416541416
4142.84,6851.5199999999995,1265.3576829341441
4142.84,6906.84,1268.2211788808129
4142.84,6851.5199999999995,1271.1210970674817
4142.84,6906.84,1274.0130788274842
4142.84,6851.5199999999995,1276.8619581874864
4142.84,6906.84,1279.8046674141556
4142.84,6906.84,1282.7170186141577
4142.84,6323.53,1285.5958689608265
4142.84,6906.84,1288.5062044808292
4142.84,6906.84,1291.3730405341646
4142.84,6099.799999999998,1294.2132205341666
4142.84,6906.84,1297.0998099741687
4142.84,6323.53,1299.9403390408377
4142.84,5966.469999999998,1302.7756914141733
4142.84,6851.5199999999995,1305.6248474675092
4142.84,6323.53,1308.4951640541783
4142.84,6906.84,1311.408054400847
4142.84,6246.88,1314.271649760849
4142.84,6906.84,1317.124863627518
4142.84,6099.799999999998,1319.9905133341867
4142.84,6323.53,1322.8749633075222
4142.84,6323.53,1325.7771873075249
4142.84,6323.53,1328.6571529075272
4142.84,6099.799999999998,1331.5087481075295
4142.84,7461.250000000001,1334.4417609075315
4142.84,5974.2,1337.299790880867
4142.84,6906.84,1340.1495962142026
4142.84,5533.31,1342.964060534205
4142.84,6906.84,1345.8282384542072
4142.84,6906.84,1348.768353974209
4142.84,6323.53,1351.6446513608776
4142.84,6245.309999999999,1354.5118572808801
4142.84,5782.16,1357.3142788808825
4142.84,6906.84,1360.1524653342183
4142.84,6851.5199999999995,1363.0129802142203
4142.84,6906.84,1365.9506738142227
4142.84,6906.84,1368.8383613875583
4142.84,6245.309999999999,1371.7218185075608
4142.84,6851.5199999999995,1374.58319077423
4142.84,6245.029999999999,1377.474997067566
4142.84,6245.029999999999,1380.354797867568
4142.84,6323.53,1383.2101163742368
4142.84,6323.53,1386.0930744542393
4142.84,7556.15,1388.9475030409083
4142.84,6851.5199999999995,1391.8332867209108
4142.84,6245.309999999999,1394.6874867209133
4142.84,5974.2,1397.5086033609155
4142.84,6851.5199999999995,1400.3793686409178
4142.84,6323.53,1403.2689855475865
4142.84,5966.469999999998,1406.157258454255
4142.84,6851.5199999999995,1409.035957014257
4142.84,6851.5199999999995,1411.896225120926
4142.84,6906.84,1414.7684853342616
4142.84,6906.84,1417.6235101342643
4142.84,6851.5199999999995,1420.5023073075995
4142.84,6245.309999999999,1423.3756892276015
4142.84,6851.5199999999995,1426.2885308276036
4142.84,6851.5199999999995,1429.1577624542726
4142.84,6906.84,1432.0435770142726
4142.84,5974.2,1434.8709510409242
4142.84,6099.799999999998,1437.745802347576
4142.84,6906.84,1440.6042734942278
4142.84,6906.84,1443.494624960879
4142.84,6851.5199999999995,1446.3972623475306
4142.84,5966.469999999998,1449.2216767475154
4142.84,6245.309999999999,1452.0232537608329
4142.84,6906.84,1454.8873518941512
4142.84,5782.16,1457.716346187469
4142.84,5974.2,1460.541123787454
4142.84,6099.799999999998,1463.3978679474392
4142.84,6323.53,1466.263981440758
4142.84,6906.84,1469.1218373874096
4142.84,6906.84,1472.0149830407286
4142.84,6906.84,1474.8907050673815
4142.84,6245.309999999999,1477.7797964806998
4142.84,6851.5199999999995,1480.7162471473523
4142.84,6323.53,1483.583809387337
4142.84,6906.84,1486.4626131206544
4142.84,5966.469999999998,1489.3415242673066
4142.84,6851.5199999999995,1492.2280837339586
4142.84,6323.53,1495.1045527472763
4142.84,6851.5199999999995,1497.9798522672615
4142.84,6323.53,1500.8584338672463
4142.84,6242.410000000001,1503.686703947231
4142.84,7163.04,1506.5923245338824
4142.84,6906.84,1509.424372533867
4142.84,6851.5199999999995,1512.2783369605186
4142.84,6323.53,1515.137129227169
4142.84,6323.53,1517.996821600488
4142.84,5884.849999999999,1520.8580938138077
4142.84,6851.5199999999995,1523.688591253792
4142.84,6851.5199999999995,1526.553816533776
4142.84,6245.029999999999,1529.4350237870942
4142.84,6851.5199999999995,1532.3051257604116
4142.84,6323.53,1535.16017733373
4142.84,5775.589999999999,1538.0295040537148
4142.84,6323.53,1540.877212053699
4142.84,6851.5199999999995,1543.705103680351
4142.84,6323.53,1546.5764080536692
4142.84,5884.849999999999,1549.4054213336535
4142.84,6323.53,1552.251599413638
4142.84,6906.84,1555.1231850136226
4142.84,6851.5199999999995,1557.9710073069407
4142.84,6323.53,1560.8741697602602
4142.84,6323.53,1563.733170720244
4142.84,6994.55,1566.5895126935616
4142.84,6906.84,1569.505426933546
4142.84,6906.84,1572.3886109335308
4142.84,6906.84,1575.372202773518
4142.84,6851.5199999999995,1578.2942164268372
4142.84,6851.5199999999995,1581.197384906823
4142.84,6323.53,1584.0602142401415
4142.84,6851.5199999999995,1586.9457079467938
4142.84,6323.53,1589.8218766934472
4142.84,5884.849999999999,1592.6902785067641
4142.84,5966.469999999998,1595.5623636267496
4142.84,5782.16,1598.4465089600683
4142.84,5966.469999999998,1601.29768394672
4142.84,6851.5199999999995,1604.1685883200391
4142.84,5974.2,1607.0439224533584
4142.84,6245.309999999999,1609.8864483733428
4142.84,6323.53,1612.7441487999945
4142.84,6245.31,1615.6256502933136
4142.84,6906.84,1618.4901058666314
4142.84,6906.84,1621.431862026618
4142.84,6323.53,1624.3345881599369
4142.84,6323.53,1627.2255997865886
4142.84,6906.84,1630.1217761599066
4142.84,6397.72,1632.978420319891
4142.84,5509.88,1635.8281885332092
4142.84,5966.469999999998,1638.6737079465279
4142.84,6906.84,1641.5381321598463
4142.84,6323.53,1644.3797030931642
4142.84,6906.84,1647.2275365331482
4142.84,6906.84,1650.106391413133
4142.84,6851.5199999999995,1653.014217066452
4142.84,6099.799999999998,1655.869237866437
4142.84,5884.849999999999,1658.7193340264212
4142.84,6906.84,1661.6550083730735
4142.84,6245.309999999999,1664.5040746663926
4142.84,6323.53,1667.3971467197116
4142.84,6851.5199999999995,1670.2623595730292
4142.84,6906.84,1673.1472130663474
4142.84,6245.309999999999,1676.0052021329993
4142.84,6906.84,1678.9061445863183
4142.84,6323.53,1681.7431570663032
4142.84,6323.53,1684.624257012956
4142.84,5782.16,1687.44147237294
4142.84,6323.53,1690.309522826259
4142.84,6851.5199999999995,1693.166786559577
4142.84,6245.31,1696.0549515728976
4142.84,6906.84,1699.0017570128832
4142.84,6906.84,1701.8851621328683
4142.84,6099.799999999998,1704.7373068261866
4142.84,6851.5199999999995,1707.5742404261716
4142.84,6245.309999999999,1710.425668266157
4142.84,6851.5199999999995,1713.3163134394752
4142.84,6851.5199999999995,1716.211153439461
4142.84,6851.5199999999995,1719.0767951994467
4142.84,6323.53,1721.9694609594312
4142.84,6851.5199999999995,1724.8505414394165
4142.84,6906.84,1727.7564785594022
4142.84,6851.5199999999995,1730.595111839386
4142.84,6851.5199999999995,1733.4717043727046
4142.84,5640.34,1736.277473439355
4142.84,6323.53,1739.1252679993388
4142.84,6323.53,1742.0225342926572
4142.84,6906.84,1744.901792212641
4142.84,6851.5199999999995,1747.7721962659593
4142.84,7277.93,1750.633089119277
4142.84,7671.959999999999,1753.5357798392617
4142.84,6851.5199999999995,1756.4194439459127
4142.84,7338.129999999999,1759.3068881592308
4142.84,6851.5199999999995,1762.2076009058826
4142.84,6897.019999999999,1765.1272766925354
4142.84,5544.84,1767.9695654391874
4142.84,5775.589999999999,1770.8279353058374
4142.84,6906.84,1773.7149420791563
4142.84,6906.840000000001,1776.5911974391413
4142.84,6851.5199999999995,1779.4623685857941
4142.84,6851.5199999999995,1782.3450243724453
4142.84,6851.5199999999995,1785.2028695990966
4142.84,6906.84,1788.0934691190819
4142.84,5966.469999999998,1790.919002185732
4142.84,7522.010000000001,1793.7754822923828
4142.84,6323.53,1796.6298511457014
4142.84,6906.84,1799.4992733323538
4142.84,6323.53,1802.4019418123394
4142.84,6906.84,1805.337622078992
4142.84,6851.5199999999995,1808.2225699189771
4142.84,6851.5199999999995,1811.0996399456303
4142.84,6245.309999999999,1813.9484780789483
4142.84,6906.84,1816.8578385589335
4142.84,6323.53,1819.7392403189185
4142.84,6906.84,1822.57919018557
4142.84,6245.309999999999,1825.4548504522213
4142.84,6906.84,1828.3414854388723
4142.84,6323.53,1831.2316305588572
4142.84,6323.53,1834.1245833588425
4142.84,6906.84,1837.0385724788275
4142.84,6906.84,1839.9275699188127
4142.84,6851.5199999999995,1842.7848725854642
4142.84,6323.53,1845.6517865054493
4142.84,6906.84,1848.555412798768
4142.84,6906.84,1851.4192851720861
4142.84,6851.5199999999995,1854.3019077854055
4142.84,6851.5199999999995,1857.1672471987238
4142.84,5974.2,1860.0084337053754
4142.84,6906.84,1862.898848478693
4142.84,6323.53,1865.759658612011
4142.84,5775.589999999999,1868.570500318662
4142.84,6851.5199999999995,1871.4367957853133
4142.84,6323.53,1874.3219669852995
4142.84,6245.309999999999,1877.15921173195
4142.84,6906.84,1880.1111761586033
4142.84,6245.309999999999,1882.9571742919213
4142.84,6906.84,1885.8174617052396
4142.84,5974.2,1888.7412745052268
4142.84,6851.5199999999995,1891.608076691878
4142.84,6906.84,1894.4851285851962
4142.84,6245.309999999999,1897.3675179185154
4142.84,6906.84,1900.2576209051683
4142.84,6245.309999999999,1903.11185333182
4142.84,6851.5199999999995,1906.0068422384713
4142.84,6099.799999999998,1908.9043339717903
4142.84,6906.84,1911.816565598443
4142.84,5782.16,1914.6507805317608
4142.84,6906.84,1917.5081911450784
4142.84,6851.5199999999995,1920.3516207450625
4142.84,6851.5199999999995,1923.1908334917139
4142.84,5966.469999999998,1926.0410894916986
4142.84,6323.53,1928.96143839835
4142.84,5621.5199999999995,1931.8059795716692
4142.84,6851.5199999999995,1934.6825509849882
4142.84,6851.5199999999995,1937.5421450649737
4142.84,5974.2,1940.3744843182917
4142.84,6906.84,1943.2527628782777
4142.84,6906.84,1946.153278984929
4142.84,6971.010000000001,1949.0280841049143
4142.84,6906.84,1951.9177192515656
4142.84,6323.53,1954.7792707715503
4142.84,6906.84,1957.6779780782012
4142.84,5544.84,1960.4683612248514
4142.84,6851.5199999999995,1963.315784584836
4142.84,5974.2,1966.137517331487
4142.84,5974.2,1969.017085171473
4142.84,5884.849999999999,1971.8750597314586
4142.84,6323.53,1974.7186719447761
4142.84,6906.84,1977.6125278914274
4142.84,6906.84,1980.4839217580793
4142.84,5974.2,1983.3731045313984
4142.84,6906.84,1986.2211221313833
4142.84,6245.309999999999,1989.1285922647025
4142.84,6323.53,1992.0141650113542
4142.84,6906.84,1994.874996638006
4142.84,6906.84,1997.7386638913247
4142.84,5533.31,2000.5531536513088
4142.84,6906.84,2003.418983251293
4142.84,6245.309999999999,2006.3028083179452
4142.84,6906.84,2009.1807637845968
4142.84,7804.62,2012.0648801579155
4142.84,5966.469999999998,2014.882308584566
4142.84,6851.5199999999995,2017.7479760512183
4142.84,6906.84,2020.6286511445367
4142.84,6906.84,2023.5165292245204
4142.84,6323.53,2026.3738679445048
4142.84,6323.53,2029.2354398911566
4142.84,6906.84,2032.1074385044744
4142.84,6323.53,2034.944219251126
4142.84,5533.31,2037.7901145577773
4142.84,6323.53,2040.674639197763
4142.84,6099.799999999998,2043.5043371710806
4142.84,6906.84,2046.3976222377332
4142.84,6906.84,2049.254186237717
4142.84,6323.53,2052.1426277843693
4142.84,6906.84,2054.9932907176876
4142.84,6906.84,2057.8482334910045
4142.84,6906.840000000001,2060.7368973843227
4142.84,7491.719999999999,2063.62790863764
4142.84,6851.5199999999995,2066.498311410959
4142.84,6906.84,2069.3708972242775
4142.84,6906.84,2072.225649170928
4142.84,6323.53,2075.146666770914
4142.84,6906.84,2077.983086770898
4142.84,6906.84,2080.8501510375486
4142.84,6906.84,2083.7113233042
4142.84,6245.309999999999,2086.5769701841855
4142.84,6906.84,2089.471369490837
4142.84,6851.5199999999995,2092.348776317489
4142.84,6906.84,2095.2427515708073
4142.84,6323.53,2098.0635926907917
4142.84,5966.469999999998,2100.927338184111
4142.84,5974.2,2103.781836050762
4142.84,6906.84,2106.665101277414
4142.84,5621.5199999999995,2109.5227473573987
4142.84,6245.309999999999,2112.379580317384
4142.84,6851.5199999999995,2115.264390077369
4142.84,6323.53,2118.136596850688
4142.84,6099.799999999998,2120.9892157306726
4142.84,6851.5199999999995,2123.882565703992
4142.84,6245.309999999999,2126.7521795173107
4142.84,6906.84,2129.63229109063
4142.84,6323.53,2132.5307827172833
4142.84,6099.799999999998,2135.4189166906017
4142.84,6323.53,2138.311240637254
4142.84,7943.609999999999,2141.2195420239073
4142.84,6323.53,2144.1182123705585
4142.84,6906.84,2147.023231037211
4142.84,6906.84,2149.907221490529
4142.84,6906.84,2152.735270610513
4142.84,6323.53,2155.6269675171648
4142.84,6906.840000000001,2158.4715456504823
4142.84,6851.5199999999995,2161.348693223801
4142.84,6245.309999999999,2164.2464979171195
4142.84,6851.5199999999995,2167.142881117106
4142.84,5974.2,2169.993474503758
4142.84,6851.5199999999995,2172.8373140237422
4142.84,7516.57,2175.7188811170618
4142.84,5775.589999999999,2178.54269701038
4142.84,5966.469999999998,2181.4110129570313
4142.84,6851.5199999999995,2184.28881445035
4142.84,6323.53,2187.128259730335
4142.84,6906.84,2189.9822349836536
4142.84,6323.53,2192.8522833569714
4142.84,6906.84,2195.734090983623
4142.84,6851.5199999999995,2198.6102497569423
4142.84,6906.84,2201.504772316927
4142.84,6906.84,2204.356477383578
4142.84,6906.84,2207.2281661835627
4142.84,6906.84,2210.108711783549
4142.84,6099.799999999998,2212.935928423534
4142.84,5884.849999999999,2215.787518876852
4142.84,5782.16,2218.6419290101708
4142.84,7140.179999999999,2221.5231508234897
4142.84,6323.53,2224.397526236808
4142.84,6906.84,2227.248160050126
4142.84,6323.53,2230.1188141301113
4142.84,6245.309999999999,2233.0014637834306
4142.84,6851.5199999999995,2235.873731250082
4142.84,6099.799999999998,2238.6872142367333
4142.84,5974.2,2241.5533587167183
4142.84,6906.84,2244.4124853300364
4142.84,6906.84,2247.3040132233546
4142.84,6245.309999999999,2250.159856370007
4142.84,6851.5199999999995,2253.038942663326
4142.84,6323.53,2255.8764912499764
4142.84,6851.5199999999995,2258.806191729963
4142.84,6323.53,2261.6601399966144
4142.84,6906.84,2264.4804786099317
4142.84,7137.77,2267.3516685832496
4142.84,6423.000000000001,2270.273322663236
4142.84,6245.309999999999,2273.145158183221
4142.84,6851.5199999999995,2276.0558149832063
4142.84,6851.5199999999995,2278.940859089859
4142.84,6245.309999999999,2281.769517009843
4142.84,6245.309999999999,2284.6400434631632
4142.84,6906.84,2287.537161169815
4142.84,6323.53,2290.4050465031332
4142.84,6323.53,2293.2537831431177
4142.84,5974.2,2296.126597169769
4142.84,6851.5199999999995,2298.9736673564207
4142.84,5884.849999999999,2301.8578255964067
4142.84,6851.5199999999995,2304.709440423058
4142.84,6323.53,2307.532720689709
4142.84,6906.84,2310.373537116359
4142.84,6906.84,2313.2612687963438
4142.84,6323.53,2316.170975302997
4142.84,6245.309999999999,2319.064659996316
4142.84,6906.84,2321.9468758896346
4142.84,6906.840000000001,2324.8115529029524
4142.84,6851.5199999999995,2327.7060789829375
4142.84,6099.799999999998,2330.5892068762564
4142.84,6099.799999999998,2333.454613862909
4142.84,6906.84,2336.3293988762266
4142.84,6851.5199999999995,2339.1732585562113
4142.84,6906.84,2342.032291302862
4142.84,6099.799999999998,2344.875592902847
4142.84,6851.5199999999995,2347.7233319961647
4142.84,6245.309999999999,2350.6054433028166
4142.84,6244.080000000001,2353.448131196134
4142.84,7129.91,2356.325993489453
4142.84,6906.84,2359.2018093294387
4142.84,6906.84,2362.03508879609
4142.84,6323.53,2364.8939538627405
4142.84,6906.84,2367.7903209027254
4142.84,5966.469999999998,2370.680237916046
4142.84,6906.84,2373.5716615426986
4142.84,6323.53,2376.454638182683
4142.84,6245.309999999999,2379.377233436003
4142.84,5974.2,2382.266944262654
4142.84,6099.799999999998,2385.117503675972
4142.84,6851.5199999999995,2387.9767114626234
4142.84,6906.84,2390.878190129276
4142.84,6245.309999999999,2393.747810502594
4142.84,6323.53,2396.598157969245
4142.84,6851.5199999999995,2399.4651164758966
4142.84,7634.330000000001,2402.3874728492156
4142.84,6245.309999999999,2405.2781974892014
4142.84,6323.53,2408.1526894891863
4142.84,6851.5199999999995,2411.0300582891714
4142.84,5357.209999999999,2413.826999835822
4142.84,6323.53,2416.67918580914
4142.84,6323.53,2419.528369115791
4142.84,6851.5199999999995,2422.393373062443
4142.84,6851.5199999999995,2425.2582230357607
4142.84,5884.849999999999,2428.0839500757447
4142.84,6906.84,2431.006611515731
4142.84,6906.84,2433.8947713023836
4142.84,6851.5199999999995,2436.759141435701
4142.84,6245.309999999999,2439.657663835687
4142.84,6906.84,2442.5853472490057
4142.84,6245.309999999999,2445.444728582324
4142.84,6099.799999999998,2448.2646791423076
4142.84,6323.53,2451.133733222293
4142.84,6099.799999999998,2454.002306662278
4142.84,7324.889999999999,2456.834863195595
4142.84,6323.53,2459.6810847955794
4142.84,6851.5199999999995,2462.606836422233
4142.84,6906.84,2465.500270395552
4142.84,6906.84,2468.376011515537
4142.84,6906.84,2471.2398361021883
4142.84,6906.84,2474.1199049555066
4142.84,6245.309999999999,2476.990984102158
4142.84,6851.5199999999995,2479.8885442088094
4142.84,6906.84,2482.801507302129
4142.84,6099.799999999998,2485.6857802087807
4142.84,6851.5199999999995,2488.6160865554325
4142.84,6906.84,2491.4645423420834
4142.84,6851.5199999999995,2494.351106715402
4142.84,5974.2,2497.1903511953865
4142.84,5974.2,2500.0611414353725
4142.84,6323.53,2502.9202916753566
4142.84,6851.5199999999995,2505.7676307686743
4142.84,6323.53,2508.6408963153262
4142.84,6323.53,2511.549563728646
4142.84,6323.53,2514.413099515297
4142.84,5226.360000000001,2517.232151248615
4142.84,6906.84,2520.1226817019333
4142.84,6099.799999999998,2522.952319195252
4142.84,5884.849999999999,2525.8101122085704
4142.84,5966.469999999998,2528.6956647952225
4142.84,6906.84,2531.562011835207
4142.84,6245.309999999999,2534.434551888527
4142.84,6323.53,2537.3082750351787
4142.84,6906.84,2540.1701319951635
4142.84,6851.5199999999995,2543.0336188751485
4142.84,6906.840000000001,2545.9181670351336
4142.84,6851.5199999999995,2548.784210395119
4142.84,6851.5199999999995,2551.6688185017706
4142.84,6851.5199999999995,2554.563467888422
4142.84,6906.84,2557.4342586084053
4142.84,6851.5199999999995,2560.284288155057
4142.84,6245.029999999999,2563.1535201550414
4142.84,6245.309999999999,2566.0668097016946
4142.84,6906.840000000001,2568.9104211150125
4142.84,6245.309999999999,2571.780958981664
4142.84,6906.84,2574.66696506165
4142.84,6906.84,2577.512016688301
4142.84,5974.2,2580.422393434954
4142.84,6323.53,2583.3529448482727
4142.84,6851.5199999999995,2586.2318603149247
4142.84,6851.5199999999995,2589.0674644749092
4142.84,6906.84,2591.9199920482274
4142.84,6906.84,2594.814901541547
4142.84,6906.84,2597.689430288198
4142.84,6906.84,2600.536837701515
4142.84,6906.84,2603.4022862881666
4142.84,6906.84,2606.3428771681524
4142.84,6851.5199999999995,2609.2218703948042
4142.84,5974.2,2612.0809615947896
4142.84,6906.84,2614.9682962614415
4142.84,6851.5199999999995,2617.8459534880935
4142.84,6245.309999999999,2620.715824474745
4142.84,6323.53,2623.525981168062
4142.84,7201.41,2626.400178661379
4142.84,5782.16,2629.2302220746974
4142.84,6323.53,2632.088866448015
4142.84,6906.84,2635.0671584480006
4142.84,6906.84,2637.9607718346524
4142.84,6906.84,2640.827594714638
4142.84,6323.53,2643.69470026129
4142.84,6099.799999999998,2646.5483317812755
4142.84,6906.84,2649.4405147145935
4142.84,6851.5199999999995,2652.2778070345776
4142.84,6851.5199999999995,2655.15794186123
4142.84,6245.309999999999,2658.017213807882
4142.84,6245.309999999999,2660.906358074534
4142.84,5782.16,2663.737344047852
4142.84,6323.53,2666.581268954503
4142.84,6906.84,2669.4623349811545
4142.84,6323.53,2672.3240347678056
4142.84,6906.84,2675.198970234457
4142.84,6323.53,2678.1110797277765
4142.84,6906.84,2680.988091354428
4142.84,6906.84,2683.846847834413
4142.84,6906.84,2686.7001761010642
4142.84,6906.84,2689.5662972210494
4142.84,6906.84,2692.4740801010335
4142.84,6851.5199999999995,2695.397515407686
4142.84,6906.84,2698.2573082610043
4142.84,5966.469999999998,2701.137398500989
4142.84,6906.84,2704.015803034308
4142.84,6906.84,2706.8638078876265
4142.84,5974.2,2709.683350714278
4142.84,6323.53,2712.5490542875964
4142.84,6245.309999999999,2715.397665754248
4142.84,5884.849999999999,2718.2576259675666
4142.84,6397.72,2721.112361807552
4142.84,6323.53,2723.9936270875373
4142.84,7004.069999999999,2726.947421700857
4142.84,6246.879999999998,2729.8575739141766
4142.84,6851.5199999999995,2732.7108649541606
4142.84,6245.309999999999,2735.5899766874795
4142.84,6906.84,2738.5196256474646
4142.84,6906.84,2741.40641508745
4142.84,6906.84,2744.294079620768
4142.84,6323.53,2747.2061822340856
4142.84,5974.2,2750.0737860207373
4142.84,6906.84,2752.9581287940546
4142.84,5884.849999999999,2755.814386447373
4142.84,6851.5199999999995,2758.725444687358
4142.84,6906.84,2761.59176959401
4142.84,6906.84,2764.4379522606614
4142.84,6323.53,2767.307289007314
4142.84,6906.84,2770.1829927406325
4142.84,6846.03,2773.0593337539503
4142.84,6851.5199999999995,2775.9653947139354
4142.84,6906.84,2778.899735353921
4142.84,6836.8499999999985,2781.814117647242
4142.84,6851.5199999999995,2784.704372953894
4142.84,6323.53,2787.5784078872125
4142.84,6851.5199999999995,2790.458679353864
4142.84,5095.94,2793.2661126871817
4142.84,6099.799999999998,2796.138213007168
4142.84,5392.589999999998,2798.9495469804856
4142.84,6906.84,2801.8365815938037
4142.84,6245.309999999999,2804.6500003671213
4142.84,6851.5199999999995,2807.53505514044
4142.84,6906.84,2810.433984260425
4142.84,6851.5199999999995,2813.391448687078
4142.84,6099.799999999998,2816.2833961003976
4142.84,6323.53,2819.1126167403813
4142.84,6906.84,2821.9478325803657
4142.84,6906.84,2824.772915513683
4142.84,6906.84,2827.623981060334
4142.84,6851.5199999999995,2830.4920551403193
4142.84,6323.53,2833.3518426603036
4142.84,6851.5199999999995,2836.2171270869558
4142.84,5974.2,2839.089350500274
4142.84,5782.16,2841.9274593535924
4142.84,6906.84,2844.8571780735783
4142.84,6906.84,2847.7808771668974
4142.84,6851.5199999999995,2850.6596635668825
4142.84,6272.5,2853.519290606868
4142.84,6245.309999999999,2856.4402228735207
4142.84,6851.5199999999995,2859.3254116735056
4142.84,5966.469999999998,2862.211731086825
4142.84,5782.16,2865.085871780165
4142.84,7725.5599999999995,2867.979306340181
4142.84,6906.84,2870.8709190335317
4142.84,5974.2,2873.7897212202174
4142.84,6099.799999999998,2876.677951033569
4142.84,6936.050000000001,2879.5907521002528
4142.84,7460.940000000001,2882.4823425536047
4142.84,6099.799999999998,2885.31679978029
4142.84,6906.84,2888.1655650603084
4142.84,5884.849999999999,2890.9995350336594
4142.84,5782.16,2893.832183193678
4142.84,6246.88,2896.6746661270286
4142.84,6851.5199999999995,2899.5830726337135
4142.84,6851.5199999999995,2902.458774980398
4142.84,6099.799999999998,2905.3224522604155
4142.84,6906.84,2908.1613069271025
4142.84,6851.5199999999995,2911.02532868712
4142.84,6851.5199999999995,2913.9048641538034
4142.84,6851.5199999999995,2916.7800397804895
4142.84,6323.53,2919.6442913538417
4142.84,6906.84,2922.539390447192
4142.84,5806.57,2925.393190553879
4142.84,6323.53,2928.2678181805654
4142.84,6906.84,2931.176970447251
4142.84,6323.53,2934.037661753935
4142.84,6906.84,2936.9843055406177
4142.84,5966.469999999998,2939.8131235673027
4142.84,6851.5199999999995,2942.674164207321
4142.84,6851.5199999999995,2945.5622206340063
4142.84,6906.84,2948.4711626606922
4142.84,6245.309999999999,2951.3165929007105
4142.84,6323.53,2954.167913700728
4142.84,6851.5199999999995,2957.010670394081
4142.84,6245.309999999999,2959.9120038874325
4142.84,6906.84,2962.7631831407857
4142.84,6323.53,2965.65100660747
4142.84,5966.469999999998,2968.518516580824
4142.84,6589.94,2971.416584154175
4142.84,6906.84,2974.3270785541918
4142.84,6323.53,2977.178883247543
4142.84,5884.849999999999,2980.0054281008975
4142.84,6906.84,2982.8642821275826
4142.84,6906.84,2985.757659727602
4142.84,6851.5199999999995,2988.656046180952
4142.84,6851.5199999999995,2991.582728314303
4142.84,6245.309999999999,2994.4606950876546
4142.84,6245.309999999999,2997.353417541007
4142.84,6851.5199999999995,3000.1848524210254
4142.84,6245.309999999999,3003.0357867677103
4142.84,6906.84,3005.913601541063
4142.84,6245.309999999999,3008.7665066077493
4142.84,6851.5199999999995,3011.611648527769
4142.84,6851.5199999999995,3014.461508474455
4142.84,6245.309999999999,3017.343760421138
4142.84,6906.84,3020.2201220211555
4142.84,6953.670000000001,3023.1242297545077
4142.84,6906.84,3026.013740047858
4142.84,6906.84,3028.9027234612095
4142.84,6099.799999999998,3031.783046021229
4142.84,6851.5199999999995,3034.656650767914
4142.84,5640.34,3037.463115727935
4142.84,5974.2,3040.2806460746233
4142.84,6323.53,3043.142818661307
4142.84,6906.84,3045.994659301327
4142.84,6906.84,3048.876697168012
4142.84,6851.5199999999995,3051.753518661363
4142.84,6906.84,3054.621315461382
4142.84,6906.84,3057.5233442613994
4142.84,5974.2,3060.3647307680862
4142.84,6099.799999999998,3063.2529401547713
4142.84,6906.84,3066.1270637281245
4142.84,6906.84,3069.00270591481
4142.84,7331.19,3071.897712261496
4142.84,6851.5199999999995,3074.794125648181
4142.84,6851.5199999999995,3077.6781567948647
4142.84,6323.53,3080.569049008216
4142.84,6323.53,3083.4370382882353
4142.84,6851.5199999999995,3086.322258608253
4142.84,6906.84,3089.2220460216054
4142.84,6906.84,3092.1587404216234
4142.84,6099.799999999998,3095.009465061641
4142.84,6906.84,3097.867492901659
4142.84,6245.309999999999,3100.7591778616766
4142.84,6851.5199999999995,3103.6425448483615
4142.84,6323.53,3106.4513171683825
4142.84,6906.84,3109.3750533284024
4142.84,6906.84,3112.282805381752
4142.84,5974.2,3115.1737019684383
4142.84,7154.8099999999995,3118.0091603684573
4142.84,6099.799999999998,3120.8828587151424
4142.84,5974.2,3123.73562639516
4142.84,6906.84,3126.613960048512
4142.84,6906.84,3129.515474768529
4142.84,6906.84,3132.419163675215
4142.84,5544.84,3135.236906821902
4142.84,5974.2,3138.0840826085864
4142.84,6245.309999999999,3141.007418128602
4142.84,6851.5199999999995,3143.8774045819537
4142.84,6906.84,3146.7791313019707
4142.84,6906.84,3149.7153998353233
4142.84,5782.16,3152.5420078886755
4142.84,6906.84,3155.422166555361
4142.84,6099.799999999998,3158.261675142046
4142.84,6906.84,3161.1298702887307
4142.84,6245.309999999999,3163.9943102354146
4142.84,6099.799999999998,3166.893173222098
4142.84,6851.5199999999995,3169.7419238354505
4142.84,6906.84,3172.6142358888023
4142.84,6906.84,3175.498395622155
4142.84,5974.2,3178.344998662175
4142.84,6851.5199999999995,3181.2157654888583
4142.84,6906.84,3184.094436315544
4142.84,6323.53,3186.990610875563
4142.84,6099.799999999998,3189.8301630355827
4142.84,5974.2,3192.667927462269
4142.84,6323.53,3195.544262822289
4142.84,6906.84,3198.4153522623083
4142.84,6906.84,3201.2523457023276
4142.84,6906.84,3204.148232635679
4142.84,6906.84,3207.0355905023644
4142.84,6245.309999999999,3209.9092477823838
4142.84,6906.84,3212.813269275734
4142.84,6906.84,3215.664446769086
4142.84,6906.84,3218.532368369106
4142.84,6906.84,3221.4631848491235
4142.84,6323.53,3224.2958304491426
4142.84,5775.589999999999,3227.128599942494
4142.84,6851.5199999999995,3229.9716262358475
4142.84,6245.309999999999,3232.8515468758646
4142.84,5640.34,3235.702812849218
4142.84,6906.84,3238.5848769025706
4142.84,6906.84,3241.4989366359227
4142.84,6851.5199999999995,3244.4303118892744
4142.84,6906.84,3247.3091477292924
4142.84,5775.589999999999,3250.184749489312
4142.84,6323.53,3253.0412636226633
4142.84,6245.309999999999,3255.881353756015
4142.84,5782.16,3258.7453145026984
4142.84,6851.5199999999995,3261.6345693827166
4142.84,5966.469999999998,3264.462510129401
4142.84,6906.84,3267.3514045294182
4142.84,6851.5199999999995,3270.230797916105
4142.84,6245.309999999999,3273.1176772761223
4142.84,5966.469999999998,3275.972611356143
4142.84,6851.5199999999995,3278.872274982827
4142.84,6323.53,3281.7163383428447
4142.84,6851.5199999999995,3284.5917017028623
4142.84,5640.34,3287.455147836214
4142.84,5966.469999999998,3290.2712581295673
4142.84,6245.309999999999,3293.132748156253
4142.84,6323.53,3295.980327356271
4142.84,6906.84,3298.8891717829556
4142.84,6245.309999999999,3301.7511240496415
4142.84,6245.309999999999,3304.5775751429946
4142.84,6245.309999999999,3307.423083516347
4142.84,6906.84,3310.3295458097004
4142.84,6906.840000000001,3313.1662772230547
4142.84,6851.5199999999995,3316.0130765830745
4142.84,6323.53,3318.899933116425
4142.84,6906.84,3321.813699569778
4142.84,6224.8,3324.6876110897947
4142.84,6906.84,3327.5548082631467
4142.84,6906.84,3330.430048103166
4142.84,6851.5199999999995,3333.3092462365184
4142.84,7461.250000000001,3336.146235196538
4142.84,6245.309999999999,3339.026791036554
4142.84,6099.799999999998,3341.8863806899053
4142.84,6906.84,3344.778060209923
4142.84,6906.84,3347.698220369942
4142.84,6323.53,3350.5650199432953
4142.84,5974.2,3353.4113579166474
4142.84,6851.5199999999995,3356.310215356666
4142.84,6323.53,3359.1500269833514
4142.84,6906.84,3362.035495516702
4142.84,6906.84,3364.943282023388
4142.84,6245.309999999999,3367.7706613834075
4142.84,6323.53,3370.699228156758
4142.84,6099.799999999998,3373.5532709301096
4142.84,6099.799999999998,3376.3674188234627
4142.84,6906.84,3379.321438503477
4142.84,6906.84,3382.217525543496
4142.84,6906.84,3385.139829596846
4142.84,6323.53,3388.0178729568647
4142.84,6851.5199999999995,3390.8605754102146
4142.84,6906.84,3393.730291356901
4142.84,6851.5199999999995,3396.59185727692
4142.84,6906.84,3399.508021970271
4142.84,6851.5199999999995,3402.371170983623
4142.84,6906.84,3405.227915836974
4142.84,6323.53,3408.053243730327
4142.84,6851.5199999999995,3410.8987561570134
4142.84,6851.5199999999995,3413.757625170366
4142.84,5884.849999999999,3416.5982712503865
4142.84,6906.84,3419.476100423739
4142.84,6851.5199999999995,3422.288774343759
4142.84,6851.5199999999995,3425.1470780237782
4142.84,6851.5199999999995,3428.026669170464
4142.84,6099.799999999998,3430.880751783817
4142.84,6906.84,3433.745129863837
4142.84,6323.53,3436.641613330521
4142.84,6323.53,3439.4747594638743
4142.84,6906.84,3442.3667177572274
4142.84,6245.309999999999,3445.2248479439136
4142.84,6851.5199999999995,3448.1019136506006
4142.84,6245.309999999999,3450.9624730639534
4142.84,6906.84,3453.84187973064
4142.84,6851.5199999999995,3456.7158288506585
4142.84,6906.84,3459.5615050106794
4142.84,6851.5199999999995,3462.4850843173635
4142.84,6906.84,3465.334614984048
4142.84,6906.84,3468.2485116773983
4142.84,5974.2,3471.110955997418
4142.84,6245.309999999999,3473.9895489041037
4142.84,5782.16,3476.813603304123
4142.84,6323.53,3479.688228157474
4142.84,6099.799999999998,3482.594983357493
4142.84,6851.5199999999995,3485.438547357513
4142.84,6906.84,3488.331508690865
4142.84,6245.309999999999,3491.1953892775523
4142.84,6906.84,3494.0630616509043
4142.84,6245.31,3496.938144850922
4142.84,6906.84,3499.8148702376075
4142.84,6906.84,3502.696993757627
4142.84,5640.34,3505.5155605309806
4142.84,6245.309999999999,3508.3850683176643
4142.84,6906.84,3511.2547596243494
4142.84,6245.309999999999,3514.1494076777008
4142.84,6323.53,3517.0231510910526
4142.84,6099.799999999998,3519.852070931071
4142.84,6323.53,3522.774216637756
4142.84,6099.799999999999,3525.66161770444
4142.84,6851.5199999999995,3528.553511837793
4142.84,5966.469999999998,3531.3964655978116
4142.84,5974.2,3534.238692104496
4142.84,6906.84,3537.101337384516
4142.84,6906.84,3540.0064025578645
4142.84,6906.84,3542.8706401578847
4142.84,5974.2,3545.6986389845715
4142.84,5782.16,3548.525247677925
4142.84,6323.53,3551.460912957941
4142.84,6906.84,3554.33325343796
4142.84,6245.309999999999,3557.194475944646
4142.84,6245.309999999999,3560.0794615979985
4142.84,6851.5199999999995,3562.9791758913493
4142.84,6851.5199999999995,3565.831595144703
4142.84,5966.469999999998,3568.7029882647216
4142.84,6906.84,3571.549983091408
4142.84,6906.84,3574.4263790914256
4142.84,5621.5199999999995,3577.2502032514444
4142.84,6906.84,3580.16275023813
4142.84,6906.84,3583.092192691482
4142.84,6851.5199999999995,3585.929920851499
4142.84,6851.5199999999995,3588.7800612781843
4142.84,6323.53,3591.6380333848692
4142.84,6906.84,3594.4928625048897
4142.84,6906.84,3597.411149384907
4142.84,6323.53,3600.2677382382603
4142.84,6851.5199999999995,3603.172054558278
4142.84,6906.84,3606.0235788249624
4142.84,6906.84,3608.9416007449813
4142.84,6906.84,3611.8582614383317
4142.84,6323.53,3614.777161758349
4142.84,6323.53,3617.6417229317017
4142.84,6906.84,3620.54307637172
4142.84,6851.5199999999995,3623.443815891738
4142.84,6323.53,3626.3073684784235
4142.84,5966.469999999998,3629.1478043184425
4142.84,6323.53,3632.0176605317943
4142.84,6906.84,3634.8563046918152
4142.84,6851.5199999999995,3637.7221123185013
4142.84,6245.309999999999,3640.55960415852
4142.84,6851.5199999999995,3643.409935038539
4142.84,6851.5199999999995,3646.263114505225
4142.84,6906.84,3649.13741781191
4142.84,6906.84,3652.0122077319297
4142.84,5884.849999999999,3654.870733278615
4142.84,6906.84,3657.749822238633
4142.84,6906.84,3660.6302404786516
4142.84,6245.31,3663.4959991986702
4142.84,6906.84,3666.360471625355
4142.84,5966.469999999998,3669.224162132041
4142.84,6906.84,3672.091966238727
4142.84,6906.84,3674.9513379187456
4142.84,6906.84,3677.8302594654306
4142.84,6323.53,3680.6716321587837
4142.84,6906.84,3683.5779028788015
4142.84,6099.799999999998,3686.423078505487
4142.84,6099.799999999998,3689.3388674655025
4142.84,5974.2,3692.2199295988535
4142.84,6906.84,3695.1042212255384
4142.84,6851.5199999999995,3697.9791023988896
4142.84,6851.5199999999995,3700.833999145576
4142.84,6906.84,3703.6809122655945
4142.84,6099.799999999998,3706.5285365322798
4142.84,6245.309999999999,3709.4066047456317
4142.84,6323.53,3712.3208830389813
4142.84,6851.5199999999995,3715.137602292335
4142.84,6906.84,3718.0313751990193
4142.84,6906.84,3720.951944639035
4142.84,6323.53,3723.797515145721
4142.84,6323.53,3726.6992495457403
4142.84,6906.84,3729.593509385758
4142.84,6906.84,3732.478230825776
4142.84,6906.84,3735.3544803191285
4142.84,6851.5199999999995,3738.2054326391467
4142.84,6851.5199999999995,3741.0793756258317
4142.84,6323.53,3743.9581238391834
4142.84,6906.84,3746.827060425869
4142.84,6851.5199999999995,3749.729788905888
4142.84,6323.53,3752.590592425906
4142.84,5966.469999999998,3755.4268037859238
4142.84,6245.309999999999,3758.258591785943
4142.84,6323.53,3761.1186872526278
4142.84,6323.53,3763.9771631993135
4142.84,6906.84,3766.844330292666
4142.84,6906.84,3769.7321739193508
4142.84,6906.84,3772.6170895993696
4142.84,6245.309999999999,3775.4790092793874
4142.84,6851.5199999999995,3778.364448372739
4142.84,6245.309999999999,3781.2370856527577
4142.84,6252.879999999998,3784.0697715727756
4142.84,6906.84,3786.942151572796
4142.84,5884.849999999999,3789.7830258661475
4142.84,6906.84,3792.661188052831
4142.84,6906.84,3795.554487252849
4142.84,6906.84,3798.4353700261986
4142.84,6851.5199999999995,3801.3226860262157
4142.84,6906.84,3804.2284613328998
4142.84,5621.5199999999995,3807.0500369062524
4142.84,6851.5199999999995,3809.9266253862706
4142.84,6245.309999999999,3812.8127147196215
4142.84,6323.53,3815.681064852974
4142.84,6323.53,3818.532686666326
4142.84,6323.53,3821.3965962130114
4142.84,5782.16,3824.249498293031
4142.84,6906.84,3827.1580902930477
4142.84,6851.5199999999995,3830.021760693065
4142.84,6906.84,3832.8656078930835
4142.84,6906.84,3835.7445788797686
4142.84,6906.84,3838.6377582931186
4142.84,5966.469999999998,3841.518449919803
4142.84,6906.84,3844.441291146487
4142.84,6906.84,3847.3019575998387
4142.84,5782.16,3850.1118979731914
4142.84,6906.84,3852.978266879877
4142.84,6851.5199999999995,3855.900031359894
4142.84,6851.5199999999995,3858.73694794658
4142.84,6906.84,3861.622561919931
4142.84,6851.5199999999995,3864.546783306615
4142.84,5966.469999999998,3867.4267834132984
4142.84,6323.53,3870.2730954666486
4142.84,6906.84,3873.1670941866673
4142.84,6099.799999999998,3875.983059360019
4142.84,6906.84,3878.893470186703
4142.84,6099.799999999998,3881.7376158933876
4142.84,6906.84,3884.5906726400717
4142.84,6906.84,3887.473065493424
4142.84,6851.5199999999995,3890.3623150934422
4142.84,6906.84,3893.31406938679
4142.84,6099.799999999998,3896.1595011201434
4142.84,6323.53,3899.0374398934955
4142.84,6851.5199999999995,3901.9077058668468
4142.84,6906.84,3904.7743508268663
4142.84,6099.799999999998,3907.5862381335533
4142.84,5775.589999999999,3910.4378245335724
4142.84,6906.84,3913.2958790402586
4142.84,6323.53,3916.15056661361
4142.84,6244.079999999998,3919.052940213628
4142.84,6245.309999999999,3921.935848853646
4142.84,6906.84,3924.817670880331
4142.84,6245.309999999999,3927.673556160349
4142.84,5974.2,3930.537946187037
4142.84,6099.799999999998,3933.3707521070583
4142.84,6323.53,3936.193886293746
4142.84,6245.309999999999,3939.022754720432
4142.84,6851.5199999999995,3941.902205173784
4142.84,6906.84,3944.826120000467
4142.84,6906.84,3947.7040404804848
4142.84,6245.309999999999,3950.5648306138364
4142.84,6851.5199999999995,3953.3928167471886
4142.84,6323.53,3956.277895947207
4142.84,6323.53,3959.1460804272256
4142.84,6851.5199999999995,3962.021068213911
4142.84,5974.2,3964.860980480596
4142.84,6906.84,3967.738313973947
4142.84,5782.16,3970.582762293968
4142.84,6323.53,3973.4703846406496
4142.84,6099.799999999998,3976.2992252806694
4142.84,6851.5199999999995,3979.159485814022
4142.84,6245.309999999999,3982.002123200709
4142.84,6323.53,3984.8541982407273
4142.84,6099.799999999998,3987.67383221408
4142.84,6851.5199999999995,3990.578947734099
4142.84,6851.5199999999995,3993.413688214119
4142.84,6851.5199999999995,3996.2811957874696
4142.84,6323.53,3999.126067360822
4142.84,7580.959999999999,4002.0193384541735
4142.84,6906.84,4004.9276858141925
4142.84,6906.84,4007.8074688008787
4142.84,6851.5199999999995,4010.696204854229
4142.84,6906.84,4013.539312587582
4142.84,5966.469999999998,4016.386311467601
4142.84,6851.5199999999995,4019.2415880542862
4142.84,6906.84,4022.1499351476377
4142.84,6906.84,4025.0862492276556
4142.84,6323.53,4027.9344451210072
4142.84,6906.84,4030.8115646410242
4142.84,6906.84,4033.7119634677106
4142.84,6906.84,4036.545547841063
4142.84,6099.799999999998,4039.463686721082
4142.84,6851.5199999999995,4042.305832481101
4142.84,5966.469999999998,4045.1699979744535
4142.84,6906.84,4048.0601739744716
4142.84,6906.84,4050.917638134491
4142.84,5884.849999999999,4053.753432747843
4142.84,6245.309999999999,4056.5599862411964
4142.84,6906.84,4059.4281600545487
4142.84,6323.53,4062.2956770145665
4142.84,6906.84,4065.214605121251
4142.84,6323.53,4068.1200675746027
4142.84,5884.849999999999,4070.9580869879564
4142.84,6851.5199999999995,4073.8419778146413
4142.84,6851.5199999999995,4076.7489744013264
4142.84,6906.84,4079.647862454677
4142.84,6099.799999999998,4082.5055603213614
4142.84,6906.84,4085.429432854713
4142.84,6099.799999999998,4088.302130508063
4142.84,6099.799999999998,4091.1818106147452
4142.84,6851.5199999999995,4094.050115254764
4142.84,6323.53,4096.905292001451
4142.84,6906.84,4099.833393068135
4142.84,6906.84,4102.686046774819
4142.84,6851.5199999999995,4105.545127468171
4142.84,6323.53,4108.419556268189
4142.84,6323.53,4111.257195681541
4142.84,5974.2,4114.13146624156
4142.84,5966.469999999998,4116.967020428245
4142.84,5782.16,4119.826877814932
4142.84,6851.5199999999995,4122.6725820282845
4142.84,6906.84,4125.559559948302
4142.84,6323.53,4128.401858134988
4142.84,6851.5199999999995,4131.327384695007
4142.84,6323.53,4134.213242615023
4142.84,6323.53,4137.112966775039
4142.84,6323.53,4139.987033015057
4142.84,5782.16,4142.809339681744
4142.84,6906.84,4145.692833015093
4142.84,6323.53,4148.578313921777
4142.84,6099.799999999998,4151.436063415131
4142.84,6906.84,4154.322205388482
4142.84,6323.53,4157.168036961834
4142.84,6906.84,4160.028013121854
4142.84,6906.84,4162.918050135204
4142.84,6323.53,4165.769387788557
4142.84,6099.799999999998,4168.599906561908
4142.84,6099.799999999998,4171.4411992552605
4142.84,6323.53,4174.334222721945
4142.84,6323.53,4177.190861921961
4142.84,5974.2,4180.065395575313
4142.84,6099.799999999998,4182.9286678419985
4142.84,6906.84,4185.794576908683
4142.84,6851.5199999999995,4188.670852802034
4142.84,6851.5199999999995,4191.5526037353875
4142.84,6851.5199999999995,4194.373849335406
4142.84,6906.84,4197.216952162094
4142.84,6323.53,4200.093723415444
4142.84,6906.84,4202.938240108799
4142.84,5884.849999999999,4205.80450496215
4142.84,5533.31,4208.624317602168
4142.84,6906.84,4211.502285708853
4142.84,6906.84,4214.386754082206
4142.84,6323.53,4217.244756855558
4142.84,6245.31,4220.125445922245
4142.84,6906.84,4223.0370105622615
4142.84,6851.5199999999995,4225.924641548947
4142.84,6851.5199999999995,4228.863434828963
4142.84,6851.5199999999995,4231.766610242314
4142.84,6851.5199999999995,4234.679299468996
4142.84,6245.309999999999,4237.586743575682
4142.84,5974.2,4240.4254859757
4142.84,5974.2,4243.279108802386
4142.84,6906.84,4246.125643735738
4142.84,6099.799999999998,4248.992240162421
4142.84,6851.5199999999995,4251.867691949107
4142.84,6245.309999999999,4254.719673389125
4142.84,6906.84,4257.58883381581
4142.84,6906.84,4260.478964162497
4142.84,6323.53,4263.374898775848
4142.84,6323.53,4266.273207735866
4142.84,5966.469999999998,4269.110266189218
4142.84,6101.43,4272.0322110959005
4142.84,6245.309999999999,4274.8689497625855
4142.84,6851.5199999999995,4277.7223819759365
4142.84,7579.389999999999,4280.574954189287
4142.84,6906.84,4283.438774135973
4142.84,6906.84,4286.3018684293265
4142.84,6906.84,4289.202820802679
4142.84,6906.84,4292.035610669365
4142.84,6245.309999999999,4294.932705602717
4142.84,6906.84,4297.904298829401
4142.84,6906.84,4300.7824560560875
4142.84,6323.53,4303.6197004827745
4142.84,6851.5199999999995,4306.495818296126
4142.84,6323.53,4309.338275682811
4142.84,6246.88,4312.250927149495
