24551.74,31816.37,18.58373749333333
23513.790000000005,29174.690000000002,35.73236608000002
21462.260000000002,28376.4,52.157578826666615
21462.260000000002,25963.94,67.84731962666662
20520.56,24048.350000000006,82.63291210666668
18844.350000000002,23368.570000000007,96.61216757333338
18459.039999999997,22716.220000000005,109.60976938666691
18029.09999999999,21144.450000000004,122.08060090666682
17601.879999999994,20115.929999999997,134.27788298666707
17003.819999999996,19565.399999999998,146.12321525333377
16580.749999999993,18760.449999999993,157.67654149333342
15992.109999999993,18920.85,168.9620938666667
15801.359999999993,18473.609999999993,179.82283194666672
15617.799999999997,18115.609999999993,190.50615546666643
14807.219999999996,17915.43,201.15566597333265
14807.219999999996,17845.71999999999,211.68533599999913
14694.540000000003,17414.48,221.79142922666517
14269.029999999999,17036.87999999999,231.73440645333156
14210.029999999997,16670.359999999997,241.56883727999815
14053.039999999999,15735.869999999999,251.1344437866653
13772.919999999998,16575.109999999997,260.70973914666536
13444.99,16987.51,270.1568643199985
13337.149999999998,16081.779999999999,279.41798005333146
13115.23,15598.919999999998,288.45183306666416
13036.379999999997,15401.779999999999,297.4734225599978
13036.379999999997,15422.909999999998,306.5079223999983
12821.59,16673.179999999997,315.5675697066647
12724.03,16034.199999999997,324.6052692266644
12445.619999999999,15886.220000000001,333.48588053333094
12001.109999999999,14742.149999999998,342.1585417066644
12001.109999999999,14783.0,350.50364074666464
11960.569999999998,13964.369999999999,358.5746182399976
11856.349999999997,14311.439999999999,366.6502620799956
11829.089999999998,14104.979999999998,374.683591999995
11650.63,14781.809999999998,382.63952671999516
11576.699999999999,13185.57,390.4972121066603
11553.0,13671.559999999998,398.3843389333265
11553.0,14781.05,406.3192810666611
11553.0,14601.91,414.2140943466624
11553.0,14832.68,422.3119735999962
11454.32,13818.810000000001,430.1071213866628
11322.11,13134.669999999998,437.8951635733295
11200.649999999998,13512.079999999998,445.553049119996
10540.300000000003,13495.169999999998,453.1110671999975
10540.300000000003,14010.730000000001,460.6910432533319
10540.300000000003,13073.63,467.936791786664
10540.300000000003,12317.590000000002,475.0467105599958
10422.810000000001,12903.250000000004,482.1930428266608
10422.810000000001,12646.399999999998,489.3890283199929
10403.710000000001,12768.12,496.5381934933255
10161.970000000001,12077.050000000001,503.5239789333245
10076.300000000001,12514.180000000002,510.5172844799896
10076.300000000001,12148.98,517.3571123733213
10076.300000000001,12437.78,524.1662522133197
10076.300000000001,12620.379999999996,530.9358180266512
10076.300000000001,12907.789999999999,537.7530816533161
10076.300000000001,12410.269999999997,544.5794005333145
10076.300000000001,12413.470000000005,551.4133647999794
10029.440000000004,11982.689999999999,558.2681889599776
10029.440000000004,12901.110000000002,565.1571733333093
10029.440000000004,12096.720000000003,571.970132853308
9950.420000000004,12341.880000000001,578.7500952533072
9950.420000000004,12272.730000000001,585.5108300799753
9931.090000000004,11643.140000000003,592.2216279999766
9931.090000000004,11827.420000000004,598.9638385599783
9931.090000000004,12387.370000000004,605.685670346647
9573.570000000003,12364.630000000006,612.3978980799819
9478.920000000002,11959.640000000003,618.9009255466468
9472.830000000004,12282.400000000001,625.3452005333139
9465.750000000002,11667.970000000003,631.7318674133141
9465.750000000002,11671.8,638.1451556266476
9465.750000000002,11922.179999999997,644.5767345599808
9465.750000000002,11490.000000000004,650.9786126933141
9465.750000000002,11131.600000000002,657.3470676266475
9465.750000000002,11922.179999999997,663.7680795733141
9435.089999999997,11468.360000000006,670.2072150933144
9295.430000000002,12464.610000000006,676.8148650133147
9295.430000000002,12038.46,683.4151890133148
9295.430000000002,11839.679999999998,689.7731607999848
9295.430000000002,11132.480000000001,696.0783460799889
9295.430000000002,11464.670000000002,702.3869094399928
9270.330000000002,11681.830000000002,708.6735686399969
9256.820000000002,11725.68,715.0310831466666
9231.720000000001,12246.260000000002,721.3268437333336
9231.049999999997,11267.219999999998,727.5722327466663
9231.049999999997,12041.529999999999,733.8714839466658
9231.049999999997,11705.480000000001,740.1161595733316
9231.049999999997,11237.62,746.359155733331
9231.049999999997,11459.86,752.6133420266636
9231.049999999997,10919.240000000002,758.84184421333
9200.359999999999,11602.779999999997,765.1838151466632
9186.860000000002,12829.499999999998,771.6297285866648
9026.410000000002,11120.010000000004,777.8523019200043
9026.410000000002,11545.98,784.0198350400059
9026.410000000002,11249.59,790.1169229866704
8814.22,11090.640000000001,796.2485377600018
8814.22,11520.340000000002,802.2991451733341
8814.22,11287.980000000005,808.3363750400001
8814.22,10564.89,814.2739820799994
8788.930000000002,11724.520000000002,820.2514500266656
8788.930000000002,10733.620000000004,826.230617226665
8788.930000000002,10637.970000000001,832.1828847466644
8788.930000000002,10983.460000000001,838.1324280533303
8788.930000000002,11020.090000000002,844.1175201599964
8788.930000000002,11175.700000000003,850.1092426133287
8788.930000000002,11025.960000000003,856.1232530666614
8716.609999999999,11020.090000000002,862.075084319994
8716.609999999999,11004.440000000002,868.0904938666598
8716.609999999999,11344.800000000003,874.0445447466594
8716.609999999999,10775.070000000003,879.9785430933259
8716.609999999999,11430.300000000003,885.9565610666638
8716.609999999999,11259.669999999998,891.9189185600025
8716.609999999999,10698.990000000002,897.8750952533412
8716.609999999999,11204.400000000003,903.8845100266795
8716.609999999999,10905.710000000003,909.8101771200187
8716.609999999999,11041.030000000002,915.7757564800241
8716.609999999999,11164.720000000003,921.7260496533613
8716.609999999999,11679.36,927.8071360000308
8716.609999999999,11784.109999999999,933.8322396800337
8704.75,11911.469999999998,940.0148476800348
8704.75,12362.319999999996,946.1803039467009
8704.75,11405.079999999998,952.2635494400339
8704.75,11092.549999999997,958.1800490667005
8704.75,10823.229999999998,964.0855424533671
8704.75,11049.69,970.0129228267006
8704.75,10590.929999999998,975.8909378133673
8704.75,11777.859999999995,981.8228242667004
8704.75,10499.85,987.7015271467002
8704.75,11143.57,993.6184264000335
8639.74,10690.4,999.5162574400335
8639.74,10579.769999999999,1005.4326821867012
8639.45,10877.21,1011.3413899733715
8639.45,11709.93,1017.3800830400414
8639.45,11787.6,1023.4400085333712
8639.45,10876.400000000001,1029.3202364266983
8639.45,10757.250000000002,1035.2023336533587
8639.45,11015.740000000002,1041.0780236800185
8639.45,10888.769999999999,1046.9337232533453
8639.45,11154.070000000003,1052.8108770666722
8639.45,10774.840000000002,1058.6606330133318
8639.45,11022.590000000004,1064.5187226133255
8639.45,11432.120000000003,1070.3960630399854
8639.45,10485.440000000002,1076.2361234666455
8639.45,10668.44,1082.0768306666387
8639.45,11539.360000000002,1087.9468085866324
8639.45,10715.310000000003,1093.8271703999587
8639.45,10748.07,1099.6638842666187
8639.45,10374.91,1105.538589279946
8639.45,10914.420000000004,1111.3741312532725
8639.45,10842.42,1117.2151865065987
8578.679999999998,10883.550000000003,1123.096815466593
8578.679999999998,10374.710000000001,1128.9707563732575
8578.679999999998,10822.780000000002,1134.7769741332613
8578.679999999998,11289.94,1140.585939039932
8578.679999999998,10751.820000000003,1146.3975634666028
8578.679999999998,10830.930000000002,1152.2092877866064
8578.679999999998,11376.45,1158.030057813277
8578.679999999998,10681.150000000001,1163.8225540266149
8578.679999999998,10790.420000000002,1169.6237733332857
8578.679999999998,10965.08,1175.452019786623
8578.679999999998,11411.38,1181.2773083199602
8578.679999999998,10767.730000000003,1187.1022847999639
8578.679999999998,11310.24,1192.9511253866344
8442.769999999999,10797.150000000003,1198.8193866666381
8442.769999999999,11509.269999999999,1204.682287146642
8442.769999999999,11299.939999999999,1210.601873013312
8442.769999999999,11412.59,1216.6309111999813
8442.769999999999,10876.88,1222.3552156266542
8442.769999999999,11038.969999999998,1228.075721493327
8442.769999999999,11161.709999999997,1233.7862126933333
8442.769999999999,9980.419999999998,1239.507387200006
8442.769999999999,10564.289999999999,1245.2200841600118
8442.769999999999,10612.009999999998,1250.9459875733514
8440.26,10550.789999999999,1256.650499573357
8440.26,10100.27,1262.3459117333564
8440.26,10131.38,1268.0613193600177
8440.26,11171.82,1273.8171677333457
8440.26,9910.24,1279.48877189334
8440.26,10277.589999999998,1285.2131940800016
8440.26,10821.76,1290.9596513066638
8440.26,10425.91,1296.6655225066581
8440.26,10261.56,1302.4160115733196
8440.26,10573.89,1308.1452507199808
8440.26,10342.580000000002,1313.8661888533093
8440.26,10575.65,1319.598513599971
8440.26,10274.72,1325.2912543999653
8440.26,10464.51,1331.032970773293
8440.26,11056.34,1336.7838533866216
8440.26,11238.03,1342.4879028266164
8440.26,10542.73,1348.2660331732777
8440.26,10678.050000000001,1353.977319946606
8440.26,10828.470000000003,1359.6830518932672
8440.26,11159.199999999999,1365.404559786595
8440.26,11056.34,1371.1254339199227
8440.26,10030.86,1376.8284843199172
8440.26,10508.209999999997,1382.5855377599119
8440.26,10716.960000000001,1388.2727944532394
8418.710000000001,10664.609999999999,1393.9774380799004
8418.4,10196.92,1399.6653080532344
8418.4,10526.419999999998,1405.3612556265714
8418.4,10587.639999999998,1411.0677761065745
8418.4,10909.84,1416.804030186578
8418.4,10359.849999999999,1422.5349054932485
8418.4,10255.729999999998,1428.2573923199182
8418.4,10554.789999999999,1433.971106133248
8395.929999999998,10931.349999999999,1439.6812453865748
8395.929999999998,11114.869999999997,1445.378318986579
8395.929999999998,10788.659999999996,1451.0964655999157
8395.929999999998,10978.189999999999,1456.8112080532526
8395.929999999998,10622.529999999999,1462.4822402665895
8395.929999999998,10930.310000000001,1468.2180608532606
8395.929999999998,9967.72,1473.8661896532653
8395.929999999998,10364.419999999996,1479.55705669327
8395.929999999998,10096.799999999997,1485.239312533274
8395.929999999998,11269.809999999998,1490.9213647466115
8371.499999999998,11101.419999999996,1496.5913016532818
8371.499999999998,10531.319999999998,1502.283036639951
8371.499999999998,10589.969999999996,1507.9468940266186
8371.499999999998,10047.859999999999,1513.5710693866183
8371.499999999998,10076.169999999998,1519.228048799952
8371.499999999998,10608.45,1524.9146584532853
8371.499999999998,10953.76,1530.6079767999513
8371.499999999998,10759.710000000003,1536.2781653332838
8371.499999999998,10317.98,1541.938589813284
8371.499999999998,10692.06,1547.5959929599508
8371.499999999998,10482.319999999998,1553.233527039951
8371.499999999998,10756.07,1558.9282070932843
8371.499999999998,10448.539999999995,1564.6195795732845
8371.499999999998,10167.55,1570.2715726932843
8371.499999999998,10646.930000000002,1575.9683676799516
8371.499999999998,10671.689999999997,1581.6786588266189
8304.069999999998,10773.529999999997,1587.3405182932845
8304.069999999998,10391.939999999997,1592.9788572799473
8304.069999999998,10653.529999999999,1598.620737919943
8304.069999999998,10228.899999999998,1604.247366613272
8304.069999999998,10774.649999999998,1609.872179359934
8304.069999999998,9744.389999999998,1615.4690205865966
8304.069999999998,10391.939999999997,1621.0713687465925
8304.069999999998,10440.459999999997,1626.6562021332543
8304.069999999998,10817.019999999997,1632.2504261332506
8304.069999999998,10406.539999999997,1637.8692476799133
8304.069999999998,10817.019999999997,1643.5106770665755
8304.069999999998,10134.339999999997,1649.1548587199043
8304.069999999998,10528.419999999998,1654.7898073599006
8304.069999999998,10412.57,1660.4220472532304
8304.069999999998,10620.589999999998,1666.0576204798938
8304.069999999998,10234.159999999996,1671.7046358398889
8304.069999999998,10040.500000000002,1677.3171180798843
8304.069999999998,10288.320000000002,1682.994193706548
8304.069999999998,11101.839999999997,1688.6435719998774
8304.069999999998,10516.499999999998,1694.2786877332064
8304.069999999998,9983.199999999997,1699.8953239465357
8304.069999999998,10959.169999999998,1705.5411301331987
8304.069999999998,10959.169999999998,1711.1889218665283
8304.069999999998,10334.379999999997,1716.7853334931908
8304.069999999998,10528.419999999998,1722.399459893187
8304.069999999998,10199.819999999998,1728.0422559465167
8304.069999999998,10579.500000000002,1733.6863524265127
8304.069999999998,10531.559999999998,1739.289307306509
8304.069999999998,10758.999999999996,1744.9215294931723
8304.069999999998,10692.280000000002,1750.5488075198348
8304.069999999998,10179.089999999998,1756.1687573331642
8304.069999999998,10900.269999999999,1761.7971270931596
8304.069999999998,10372.289999999997,1767.4401479464887
8304.069999999998,10018.599999999999,1773.0797407464852
8304.069999999998,10280.419999999998,1778.692551999815
8214.259999999998,10327.789999999997,1784.3233195731443
8214.259999999998,10085.22,1789.95132677314
8214.259999999998,10203.149999999998,1795.5154434131343
8080.79,9928.789999999997,1801.0705675197992
8067.9,10860.350000000004,1806.5893447998092
8067.9,11029.400000000001,1812.2388767998136
8067.9,11362.220000000005,1817.7651294398029
8067.9,10307.910000000003,1823.2353943464561
8067.9,10009.620000000004,1828.7105335997776
8067.9,9941.520000000004,1834.196656106431
8019.47,10319.35,1839.6316772264217
8019.47,10197.480000000003,1845.102343946431
8019.47,10615.670000000004,1850.5127901331152
8019.47,9666.000000000005,1855.8964635197992
8019.47,10270.92,1861.3625035731486
8019.47,10929.770000000002,1866.8212277331647
8019.47,10250.160000000002,1872.269304159848
8019.47,10340.030000000004,1877.709214666531
8019.47,9954.230000000005,1883.1162333865477
8019.47,10259.480000000003,1888.5566151465641
8019.47,10475.899999999998,1894.0505811732455
8019.47,10929.770000000002,1899.4887974932624
8019.47,10503.850000000004,1904.9249899199453
8019.47,9965.060000000003,1910.3397626666292
8019.47,10039.620000000004,1915.7664575466458
8019.47,10353.44,1921.1857711466628
8019.47,10402.610000000002,1926.6403245866782
8019.47,10929.770000000002,1932.0880348800279
8019.47,10353.44,1937.552957493377
8019.47,9711.650000000005,1942.9745075200597
8019.47,10259.480000000003,1948.4302963734096
8019.47,10087.690000000004,1953.876106560092
8019.47,10270.92,1959.3007727467748
8019.47,10246.960000000005,1964.7413882667906
8019.47,9865.300000000005,1970.1561571201407
8019.47,9809.880000000003,1975.5567179734915
8019.47,10294.440000000004,1981.0021314668404
8019.47,10130.290000000005,1986.4088159468572
8019.47,10294.440000000004,1991.8495127468736
8019.47,9866.790000000005,1997.2631346668904
8019.47,10231.900000000005,2002.7020209069055
8019.47,9849.450000000003,2008.160543306921
8019.47,10724.960000000003,2013.5974624536038
8019.47,9995.820000000003,2019.04457653362
8019.47,10475.899999999998,2024.494065706969
8019.47,10368.930000000004,2029.9622086936508
8019.47,10615.670000000004,2035.4135374936664
7980.29,10002.530000000004,2040.8452462936827
7980.29,10354.400000000003,2046.2798837336943
7980.29,10493.180000000004,2051.722924160373
7980.29,10480.520000000002,2057.1245149870515
7980.29,10374.470000000005,2062.5349720003974
7980.29,10459.880000000005,2067.945572640409
7980.29,10651.820000000003,2073.339606080421
7980.29,10585.039999999999,2078.7792098671
7980.29,10220.300000000003,2084.1973305604456
7980.29,10305.150000000005,2089.621417120457
7980.29,9771.080000000004,2095.0228446404694
7980.29,10052.970000000003,2100.469642880482
7980.29,9755.590000000004,2105.843336427161
7980.29,10218.080000000004,2111.284070240505
7980.29,10493.180000000004,2116.717207200517
7980.29,10068.160000000005,2122.139213280528
7980.29,9595.500000000004,2127.5482203205397
7980.29,10137.070000000005,2132.976382613884
7980.29,10194.260000000002,2138.384791093896
7980.29,10067.190000000004,2143.7810726405746
7980.29,9239.510000000002,2149.1602069872533
7980.29,10218.080000000004,2154.540646987265
7980.29,9639.080000000002,2159.9291371206114
7980.29,10241.730000000003,2165.3702065606226
7980.29,10192.720000000005,2170.8238264539677
7980.29,9447.330000000004,2176.2126948806463
7980.29,9882.940000000004,2181.6282808539913
7980.29,10368.090000000006,2187.0810025606697
7980.29,10415.540000000005,2192.5054866140154
7980.29,10854.170000000002,2197.9319338673613
7980.29,10354.400000000003,2203.3756884273735
7980.29,10218.080000000004,2208.788524160719
7980.29,10854.170000000002,2214.2593104540642
7980.29,9803.920000000004,2219.6757763740766
7980.29,10241.980000000005,2225.091288054088
7980.29,10685.780000000002,2230.5426217074323
7980.29,10354.400000000003,2235.993976320777
7980.29,10220.300000000003,2241.39264352079
7980.29,9801.590000000002,2246.783046187469
7980.29,10405.04,2252.1848980274813
7980.29,9868.460000000003,2257.6004637341593
7980.29,9943.550000000003,2262.998658720839
7980.29,10435.220000000005,2268.4440620808514
7980.29,10576.490000000003,2273.8651272541965
7980.29,9803.920000000004,2279.290309014207
7980.29,10333.86,2284.7048395208863
7980.29,10091.110000000004,2290.1133302942326
7980.29,10890.590000000002,2295.5639700275765
7980.29,10020.670000000004,2300.995648480922
7980.29,9848.310000000001,2306.3969988809345
7980.29,10298.400000000003,2311.815674987613
7980.29,10354.400000000003,2317.275315254291
7980.29,9987.870000000003,2322.68569264097
7980.29,10854.170000000002,2328.107146080983
7980.29,9418.250000000002,2333.486629280995
7980.29,10153.630000000005,2338.879435574341
7980.29,9880.350000000002,2344.281122454354
7980.29,10757.780000000002,2349.721908854366
7980.29,10436.719999999998,2355.153907787712
7980.29,10220.300000000003,2360.583296854391
7980.29,9609.500000000004,2366.0109736544023
7980.29,10354.400000000003,2371.390280747748
7980.29,10231.74,2376.8129938677594
7980.29,10493.180000000004,2382.2457877877705
7980.29,10493.180000000004,2387.694827734449
7980.29,9366.960000000003,2393.0718956277947
7980.29,9685.530000000004,2398.4375367478074
7980.29,9708.450000000004,2403.794623521154
7980.29,10685.780000000002,2409.1978363211656
7980.29,10128.210000000005,2414.671295787843
7980.29,9749.05,2420.0901944011885
7980.29,10462.030000000002,2425.544897867867
7980.29,9963.830000000005,2430.9841633078777
7980.29,9803.920000000004,2436.3909088545565
7980.29,10048.510000000004,2441.789777707903
7980.29,10048.510000000004,2447.2059520545818
7980.29,10322.290000000005,2452.678536374593
7980.29,9849.210000000003,2458.1024142412716
7980.29,10685.780000000002,2463.5237836812826
7980.29,10149.530000000004,2468.9622706146274
7980.29,9770.140000000005,2474.3873378679723
7980.29,10206.890000000005,2479.7736018146516
7980.29,10153.630000000005,2485.165376374663
7980.29,9943.550000000003,2490.552157334675
7980.29,9770.140000000005,2495.9606128546866
7980.29,9910.380000000005,2501.370472054699
7980.29,9635.77,2506.760066348044
7980.29,10464.670000000004,2512.2124545080546
7980.29,10048.510000000004,2517.6670186147326
7980.29,9886.680000000004,2523.10303120141
7980.29,9963.830000000005,2528.4992260280883
7980.29,10459.880000000005,2533.9033578147673
7980.29,10480.520000000002,2539.3476345614454
7980.29,10651.820000000003,2544.7806350947903
7980.29,10298.400000000003,2550.187594401469
7980.29,10210.980000000001,2555.609287201481
7980.29,10374.470000000005,2561.0467347214935
7980.29,10067.190000000004,2566.439140268173
7980.29,9904.89,2571.8357242148522
7980.29,10305.150000000005,2577.2767819748638
7980.29,9674.380000000005,2582.657919041543
7980.29,10329.750000000004,2588.089809174889
7980.29,10459.880000000005,2593.530167041568
7980.29,10699.230000000001,2598.9679490149133
7980.29,10112.560000000005,2604.380652161592
7980.29,9770.140000000005,2609.7842754149374
7980.29,10354.400000000003,2615.2040950949486
7980.29,10074.580000000005,2620.6084022416276
7980.29,10052.970000000003,2626.0291682149723
7980.29,10651.820000000003,2631.4474472016504
7980.29,10436.719999999998,2636.8958278949963
7980.29,10354.400000000003,2642.3296425083404
7980.29,10576.490000000003,2647.7364734416856
7980.29,9801.590000000002,2653.1155142950315
7980.29,9909.360000000004,2658.55303296171
7980.29,9738.649999999998,2663.954003041722
7980.289999999999,11308.619999999999,2669.3971244817335
7980.289999999999,12071.469999999994,2674.9020460817446
7980.289999999999,9826.120000000004,2680.2881819217578
7980.289999999999,10018.570000000003,2685.6983668817693
7980.289999999999,10591.620000000003,2691.1191410151155
7980.289999999999,10210.980000000001,2696.536986775127
7980.289999999999,10405.04,2701.9947990951387
7980.289999999999,10591.620000000003,2707.4445811751507
7980.289999999999,10314.26,2712.863190881828
7980.289999999999,10890.590000000002,2718.3090494418398
7980.289999999999,9559.550000000001,2723.718975361852
7980.289999999999,9391.0,2729.0816796818654
7980.289999999999,9694.760000000002,2734.475149921878
7980.289999999999,10354.400000000003,2739.9057520552237
7980.289999999999,10136.780000000004,2745.305146721902
7980.289999999999,10339.410000000003,2750.734878455248
7980.289999999999,10106.069999999996,2756.154651361926
7980.289999999999,9952.040000000003,2761.5568887486043
7980.289999999999,10651.820000000003,2766.995506881949
7980.289999999999,10158.300000000003,2772.4016195219606
7980.289999999999,10300.850000000004,2777.8696013886374
7980.289999999999,10435.220000000005,2783.278759255317
7980.289999999999,10462.030000000002,2788.670386241996
7980.289999999999,10415.540000000005,2794.167122295339
7980.289999999999,10116.680000000002,2799.580765655351
7980.289999999999,10082.760000000004,2804.980521548697
7980.289999999999,9475.86,2810.3703540287092
7980.289999999999,10218.080000000004,2815.803993815387
7980.289999999999,9956.640000000003,2821.2153990420657
7980.289999999999,10210.980000000001,2826.6233520020774
7980.289999999999,9817.620000000003,2832.022738295423
7980.289999999999,9805.300000000003,2837.4124873087685
7980.289999999999,9793.340000000004,2842.8263956287797
7980.289999999999,10067.190000000004,2848.2123342954596
7980.289999999999,10459.880000000005,2853.5937391488055
7980.289999999999,10255.260000000004,2859.0260536554833
7980.289999999999,10363.430000000002,2864.450624588822
7980.289999999999,9817.620000000003,2869.8231575487994
7980.289999999999,10192.720000000005,2875.2746805354464
7980.289999999999,9801.590000000002,2880.6651553087563
7980.289999999999,9555.690000000002,2886.057578935401
7980.289999999999,10778.060000000003,2891.5079309887124
7980.289999999999,9483.7,2896.90322634869
7980.289999999999,10890.590000000002,2902.346112002
7980.289999999999,10493.240000000003,2907.8229734419783
7980.289999999999,9952.040000000003,2913.237887201956
7980.289999999999,9931.380000000005,2918.727229815269
7980.289999999999,9689.089999999998,2924.1200478952464
7980.289999999999,10435.220000000005,2929.5627926418933
7980.289999999999,10207.780000000004,2934.9609929085386
7980.289999999999,9694.760000000002,2940.3801944551838
7980.289999999999,10207.780000000004,2945.77022597516
7980.289999999999,9987.870000000003,2951.169514775136
7980.289999999999,10018.570000000003,2956.577352108448
7980.289999999999,10074.580000000005,2961.981079948428
7980.289999999999,10374.470000000005,2967.3753965350716
7980.289999999999,9609.500000000004,2972.7856323217184
7980.289999999999,12049.589999999998,2978.307968268367
7980.289999999999,11530.720000000001,2983.998532801686
7980.289999999999,10699.229999999998,2989.4180002683315
7980.289999999999,10192.72,2994.8461045883114
7980.289999999999,9952.039999999997,3000.2366794682903
7980.289999999999,9653.709999999997,3005.652466294933
7980.289999999999,9580.089999999997,3011.0498288015783
7980.289999999999,10778.059999999996,3016.4379053882217
7980.289999999999,9900.990000000002,3021.8544756282
7980.289999999999,10192.72,3027.261293068177
7980.289999999999,10357.76,3032.67999088149
7980.289999999999,9674.439999999997,3038.0738445881375
7980.289999999999,10685.779999999997,3043.485387414782
7980.289999999999,10206.889999999998,3048.8896581347603
7980.289999999999,10183.259999999998,3054.3264855480734
7980.289999999999,10357.76,3059.7820293880513
7980.289999999999,9801.589999999998,3065.1795236813628
7980.289999999999,9803.919999999998,3070.583750614675
7980.289999999999,10493.179999999998,3075.9874509346537
7980.289999999999,9925.879999999997,3081.3947776012988
7980.289999999999,10576.489999999998,3086.836862881278
7980.289999999999,9882.939999999999,3092.25220101459
7980.289999999999,9790.759999999998,3097.6380674145685
7980.289999999999,10585.039999999997,3103.048790401214
7980.289999999999,10137.069999999998,3108.454648107859
7980.289999999999,9333.699999999997,3113.8757286945056
7980.289999999999,10480.52,3119.3136154678177
7980.289999999999,10218.079999999996,3124.7501343477966
7980.289999999999,9755.589999999998,3130.1479920544425
7980.289999999999,10241.729999999996,3135.5748424010894
7980.289999999999,10435.219999999998,3140.9996715210677
7980.289999999999,10241.979999999998,3146.4273006943804
7980.289999999999,10207.779999999997,3151.856513707691
7980.289999999999,10128.019999999997,3157.2347379210014
7980.289999999999,9909.359999999997,3162.6458329609795
7980.289999999999,10309.490000000002,3168.039310027623
7980.289999999999,10300.849999999999,3173.455351254268
7980.289999999999,9557.409999999998,3178.7991486409105
7980.289999999999,10757.779999999997,3184.2080592542216
7980.289999999999,9621.349999999997,3189.6108044275347
7980.289999999999,10068.159999999998,3195.0296626675135
7980.289999999999,9694.759999999997,3200.421699254156
7980.289999999999,9724.039999999997,3205.8373251208013
7980.289999999999,9948.779999999997,3211.2416371207796
7980.289999999999,10128.209999999997,3216.651519414093
7980.289999999999,10585.039999999997,3222.1279929607404
7980.289999999999,10761.13,3227.611489014054
7980.289999999999,10504.05,3233.015912267365
7980.289999999999,10329.749999999998,3238.4608243206785
7980.289999999999,9866.579999999998,3243.835840267324
7980.289999999999,10504.05,3249.2677115206343
7980.289999999999,10077.589999999998,3254.6997115739455
7980.289999999999,10032.449999999999,3260.136333493925
7980.289999999999,10314.259999999995,3265.5296556805706
7980.289999999999,10410.539999999995,3270.975174347215
7980.289999999999,9943.55,3276.4203929605283
7980.289999999999,10493.179999999998,3281.838603093839
7980.289999999999,10136.779999999997,3287.236606827151
7980.289999999999,10141.769999999997,3292.626278027128
7980.289999999999,10136.779999999997,3298.0331934937726
7980.289999999999,10854.169999999996,3303.436938507083
7980.289999999999,10207.779999999997,3308.875594987062
7980.289999999999,10591.619999999997,3314.2780554137066
7980.289999999999,10207.779999999997,3319.6552903470165
7980.289999999999,9952.039999999997,3325.0581305603287
7980.289999999999,10231.739999999996,3330.485759893642
7980.289999999999,9956.64,3335.872232853619
7980.289999999999,10685.779999999997,3341.287226613598
7980.289999999999,9730.959999999997,3346.7100899735788
7980.289999999999,9580.089999999997,3352.1045741335574
7980.289999999999,10778.059999999996,3357.548971520202
7980.289999999999,9831.119999999999,3362.9263100268454
7980.289999999999,9680.219999999996,3368.3302292268227
7980.289999999999,10464.669999999998,3373.7593647468
7980.289999999999,10298.399999999998,3379.1927446934465
7980.289999999999,10052.97,3384.6447502400924
7980.289999999999,10298.399999999998,3390.1211209600724
7980.289999999999,10116.679999999997,3395.5103347200484
7980.289999999999,9900.059999999998,3400.894406720026
7980.289999999999,10153.629999999996,3406.3372276800046
7980.289999999999,10493.239999999998,3411.7536196266506
7980.289999999999,10298.399999999998,3417.171290239962
7980.289999999999,10029.969999999998,3422.561875786606
7980.289999999999,10354.399999999996,3427.9680067199165
7980.289999999999,10778.059999999996,3433.4603762132315
7980.289999999999,10255.259999999997,3438.8770276798764
7980.289999999999,10778.059999999996,3444.3469163731893
7980.289999999999,10699.229999999998,3449.7604171198336
7980.289999999999,10206.889999999998,3455.1745260798116
7980.289999999999,10017.669999999998,3460.5931082664565
7980.289999999999,10041.589999999998,3465.978870666434
7980.289999999999,10699.229999999998,3471.4041361597456
7980.289999999999,10339.409999999998,3476.829661119724
7980.289999999999,10778.059999999996,3482.2745510930367
7980.289999999999,10854.169999999996,3487.7170871463477
7980.289999999999,10183.259999999998,3493.18237055966
7980.289999999999,10210.98,3498.5886441063053
7980.289999999999,10128.019999999997,3504.008197279619
7980.289999999999,10504.05,3509.4392854929315
7980.289999999999,10018.569999999998,3514.857094932911
7980.289999999999,9450.309999999998,3520.2495075195566
7980.289999999999,9772.229999999996,3525.6576249062027
7980.289999999999,10322.289999999997,3531.0598847461815
7980.289999999999,10410.539999999995,3536.441339146159
7980.289999999999,9866.579999999998,3541.8490427728048
7980.289999999999,10504.05,3547.2671454394504
7980.289999999999,9394.229999999996,3552.660577919429
7980.289999999999,10368.089999999997,3558.075717066075
7980.289999999999,10305.149999999998,3563.506200746054
7980.289999999999,10052.97,3568.9350543993664
7980.289999999999,10435.219999999998,3574.3915170126807
7980.289999999999,9969.179999999998,3579.812157545992
7980.289999999999,10271.529999999999,3585.2549690659694
7980.289999999999,10890.589999999997,3590.6775314659476
7980.289999999999,10052.97,3596.124597812593
7980.289999999999,10890.589999999997,3601.541010612573
7980.289999999999,10020.669999999996,3606.9445884258835
7980.289999999999,10778.059999999996,3612.3629750925297
7980.289999999999,9925.879999999997,3617.7438959458395
7980.289999999999,10368.089999999997,3623.1530110924846
7980.289999999999,10158.299999999997,3628.5487247457963
7980.289999999999,10354.399999999996,3634.0031475191086
7980.289999999999,10128.209999999997,3639.4472281590893
7980.289999999999,10298.399999999998,3644.87058319907
7980.289999999999,10002.549999999997,3650.3211344523825
7980.289999999999,9534.689999999997,3655.7180877856968
7980.289999999999,9828.009999999997,3661.1427876256776
7980.289999999999,10300.849999999999,3666.562607198989
7980.289999999999,10591.619999999997,3672.0062180789687
7980.289999999999,10757.779999999997,3677.42685119895
7980.289999999999,9904.89,3682.8202141322613
7980.289999999999,10504.05,3688.258649332239
7980.289999999999,10116.679999999997,3693.7035851722176
7980.289999999999,9577.909999999996,3699.097376212197
7980.289999999999,10305.149999999998,3704.5053642121748
7980.289999999999,10576.489999999998,3709.9004237854856
7980.289999999999,10271.529999999999,3715.3244255454656
7980.289999999999,9868.329999999998,3720.7437726921103
7980.289999999999,10298.399999999998,3726.133581332087
7980.289999999999,9724.039999999997,3731.572536158735
7980.289999999999,9943.55,3736.970967892047
7980.289999999999,10077.589999999998,3742.3661852786936
7980.289999999999,9943.55,3747.778893278672
7980.289999999999,10112.559999999998,3753.2313892253183
7980.289999999999,10206.889999999998,3758.615727731963
7980.289999999999,10415.539999999999,3764.039992531941
7980.289999999999,10585.039999999997,3769.4477290652544
7980.289999999999,10194.259999999998,3774.8703239985675
7980.289999999999,10354.399999999996,3780.290798611879
7980.289999999999,10890.589999999997,3785.6923043718552
7980.289999999999,9809.839999999997,3791.1257580785027
7980.289999999999,10136.779999999997,3796.5361253318133
7980.289999999999,9900.059999999998,3801.947320851792
7980.289999999999,9849.209999999997,3807.3818477317714
7980.289999999999,10300.849999999999,3812.8124023450846
7980.289999999999,10322.289999999997,3818.2265011183963
7980.289999999999,9868.459999999997,3823.619734238375
7980.289999999999,10576.489999999998,3828.9979991983523
7980.289999999999,9445.099999999997,3834.388258984998
7980.289999999999,10415.539999999999,3839.8042514649765
7980.289999999999,10374.469999999998,3845.2102020782904
7980.289999999999,9603.619999999997,3850.6125058649363
7980.289999999999,9599.170000000002,3856.0087316249146
7980.289999999999,10493.179999999998,3861.4308849048925
7980.289999999999,10241.729999999996,3866.81450090487
7980.289999999999,9868.329999999998,3872.2135235715127
7980.289999999999,10699.229999999998,3877.6177575981574
7980.289999999999,9538.969999999998,3883.0029277314693
7980.289999999999,9540.209999999997,3888.3807071981137
7980.289999999999,10002.549999999997,3893.7593834647573
7980.289999999999,9640.41,3899.164926558068
7980.289999999999,10149.529999999997,3904.5624777047133
7980.289999999999,9416.729999999998,3909.938408744692
7980.289999999999,10271.529999999999,3915.337784958002
7980.289999999999,10271.529999999999,3920.7506385046463
7980.289999999999,9900.990000000002,3926.1614202646256
7980.289999999999,10464.669999999998,3931.6221326912723
7980.289999999999,10854.169999999996,3937.028091837915
7980.289999999999,10192.72,3942.4576045312265
7980.289999999999,10192.72,3947.889238824538
7980.289999999999,9876.039999999997,3953.3177243178516
7980.289999999999,9868.329999999998,3958.72651295783
7980.289999999999,10480.52,3964.167567304477
7980.289999999999,10410.539999999995,3969.579258931122
7980.289999999999,10218.079999999996,3974.9824696511023
7980.289999999999,10339.409999999998,3980.4029241577473
7980.289999999999,10255.259999999997,3985.8276199443917
7980.289999999999,10309.490000000002,3991.229658717703
7980.289999999999,9674.379999999997,3996.6018101843465
7980.289999999999,10591.619999999997,4001.969236477658
7980.289999999999,10300.849999999999,4007.3678424509685
7980.289999999999,9427.939999999997,4012.7525294376123
7980.289999999999,10354.399999999996,4018.2257464509253
7980.289999999999,10210.98,4023.6590573309054
7980.289999999999,10137.069999999998,4029.1064614375523
7980.289999999999,9811.439999999997,4034.5307023441983
7980.289999999999,10309.490000000002,4039.945902130845
7980.289999999999,9975.809999999998,4045.4079667708243
7980.289999999999,10504.05,4050.8551267708026
7980.289999999999,9873.309999999998,4056.217896104112
7980.289999999999,10493.179999999998,4061.637028317426
7980.289999999999,10651.82,4067.059316050739
7980.289999999999,10651.82,4072.4803079440526
7980.289999999999,10329.749999999998,4077.8905195706984
7980.289999999999,9811.439999999997,4083.280114930677
7980.289999999999,9995.519999999999,4088.766880050658
7980.289999999999,10585.039999999997,4094.198371730638
7980.289999999999,10890.589999999997,4099.602667997284
7980.289999999999,10322.289999999997,4105.004717650595
7980.289999999999,10020.669999999996,4110.432222983908
7980.289999999999,9929.549999999997,4115.845701757218
7980.289999999999,9900.990000000002,4121.275126823865
7980.289999999999,10032.449999999999,4126.664904797176
7980.289999999999,10298.399999999998,4132.112031943822
7980.289999999999,10368.089999999997,4137.549139090467
7980.289999999999,9801.589999999998,4142.955191250446
7980.289999999999,9531.139999999996,4148.327228583757
7980.289999999999,9931.38,4153.736007357066
7980.289999999999,10436.719999999998,4159.171989703715
7980.289999999999,10354.399999999996,4164.597844637025
7980.289999999999,10576.489999999998,4169.986084317003
7980.289999999999,10137.069999999998,4175.417811783649
7980.289999999999,9855.309999999996,4180.8439168502955
7980.289999999999,10699.229999999998,4186.287205650276
7980.289999999999,10464.669999999998,4191.721815676921
7980.289999999999,10504.05,4197.158967303569
7980.289999999999,10778.059999999996,4202.60216719688
7980.289999999999,9831.119999999999,4208.004747303526
7980.289999999999,10128.209999999997,4213.391952263502
7980.289999999999,10368.089999999997,4218.810455890147
7980.289999999999,10464.669999999998,4224.239926396793
7980.289999999999,10128.209999999997,4229.681255996771
7980.289999999999,10207.779999999997,4235.116118610085
7980.289999999999,10390.98,4240.559235090063
7980.289999999999,10435.219999999998,4245.971618343374
7980.289999999999,10183.259999999998,4251.379004903352
7980.289999999999,9941.139999999998,4256.787966769997
7980.289999999999,10890.589999999997,4262.205244956642
7980.289999999999,9904.89,4267.588493916619
7980.289999999999,10585.039999999997,4273.041401543263
7980.289999999999,10206.889999999998,4278.505543463244
7980.289999999999,10854.169999999996,4283.933929596555
7980.289999999999,10206.889999999998,4289.373212689868
7980.289999999999,10002.549999999997,4294.788194929846
7980.289999999999,9873.309999999998,4300.24226490316
7980.289999999999,10504.05,4305.647419356469
7980.289999999999,9698.459999999997,4311.05845199645
7980.289999999999,10651.82,4316.50582383643
7980.289999999999,9545.379999999996,4321.891230556408
7980.289999999999,10493.239999999998,4327.329266716389
7980.289999999999,10415.539999999999,4332.773371303035
7980.289999999999,10207.779999999997,4338.175836423013
7980.289999999999,9608.189999999995,4343.591385329659
7980.289999999999,9471.949999999997,4348.959734982969
7980.289999999999,9868.459999999997,4354.366325756281
7980.289999999999,9970.849999999997,4359.727929276259
7980.289999999999,10314.259999999995,4365.15061620957
7980.289999999999,10128.209999999997,4370.574963569549
7980.289999999999,10699.229999999998,4376.08399908953
7980.289999999999,10136.779999999997,4381.554656422842
7980.289999999999,9628.279999999999,4386.948997862821
7980.289999999999,9566.7,4392.361427249468
7980.289999999999,10480.52,4397.780077809449
7980.289999999999,9930.599999999997,4403.200251249428
7980.289999999999,10368.089999999997,4408.635444209408
7980.289999999999,10778.059999999996,4414.11425034272
7980.289999999999,9755.589999999998,4419.492151462698
7980.289999999999,9880.349999999997,4424.913099089344
7980.289999999999,10329.749999999998,4430.35877807599
7980.289999999999,10271.529999999999,4435.751037915968
7980.289999999999,10354.399999999996,4441.162778769278
7980.289999999999,9995.519999999999,4446.578756049256
7980.289999999999,9418.249999999998,4451.971014502568
7980.289999999999,10192.72,4457.418399249214
7980.289999999999,10218.079999999996,4462.844054769194
7980.289999999999,10651.82,4468.267778395839
7980.289999999999,9471.949999999997,4473.681328315818
7980.289999999999,10052.97,4479.084528155796
7980.289999999999,10074.579999999998,4484.536936849109
7980.289999999999,9252.989999999996,4489.892869222421
7980.289999999999,10480.52,4495.348650395734
7980.289999999999,9817.619999999997,4500.728752529045
7980.289999999999,10192.72,4506.127566075691
7980.289999999999,10116.679999999997,4511.495673809
7980.289999999999,9826.119999999997,4516.910805222312
7980.289999999999,9826.119999999997,4522.288467088957
7980.289999999999,9904.89,4527.683378022269
7980.289999999999,9995.519999999999,4533.123514928917
7980.289999999999,10354.399999999996,4538.562268048896
7980.289999999999,9531.139999999996,4543.960600848874
7980.289999999999,9969.179999999998,4549.3772342888515
7980.289999999999,9963.829999999998,4554.787518982163
7980.289999999999,10305.149999999998,4560.205226768809
7980.289999999999,9341.589999999997,4565.563716102119
7980.289999999999,10241.979999999998,4571.0183442087655
7980.289999999999,10464.669999999998,4576.448464368743
7980.289999999999,10757.779999999997,4581.8279778620545
7980.289999999999,10077.589999999998,4587.2764193553685
7980.289999999999,10459.880000000003,4592.733228688683
7980.289999999999,10255.259999999997,4598.1865723686615
7980.289999999999,10309.490000000002,4603.62605700864
7980.289999999999,10591.619999999997,4609.041994395283
7980.289999999999,10137.069999999998,4614.481014128597
7980.289999999999,10116.679999999997,4619.905961008575
7980.289999999999,10091.109999999997,4625.310698288555
7980.289999999999,10002.549999999997,4630.697562715199
7980.289999999999,10436.719999999998,4636.13720180851
7980.289999999999,10459.880000000003,4641.581453008488
7980.289999999999,10435.219999999998,4646.991246661801
7980.289999999999,9995.519999999999,4652.379554981779
7980.289999999999,10231.739999999996,4657.808663781757
7980.289999999999,9583.519999999999,4663.196414448402
7980.289999999999,10322.289999999997,4668.634834555048
7980.289999999999,10778.059999999996,4674.086515995028
7980.289999999999,10368.089999999997,4679.471398661671
7980.289999999999,10041.589999999998,4684.902904101651
7980.289999999999,10778.059999999996,4690.327504794964
7980.289999999999,10464.669999999998,4695.775940581611
7980.289999999999,9672.469999999998,4701.201024954924
7980.289999999999,10415.539999999999,4706.5976622882345
7980.289999999999,10309.490000000002,4712.0710540215505
7980.289999999999,9943.55,4717.476363141528
7980.289999999999,10194.259999999998,4722.92185007484
7980.289999999999,10091.109999999997,4728.323402448152
7980.289999999999,9749.049999999997,4733.704313274798
7980.289999999999,10141.769999999997,4739.105740261442
7980.289999999999,10435.219999999998,4744.518609221423
7980.289999999999,10158.299999999997,4749.9074772747335
7980.289999999999,9931.38,4755.3131058080435
7980.289999999999,9674.439999999997,4760.692314768023
7980.289999999999,10207.779999999997,4766.086521114667
7980.289999999999,10206.889999999998,4771.481183247977
7980.289999999999,9866.579999999998,4776.908889487956
7980.289999999999,10415.539999999999,4782.347258341269
7980.289999999999,9635.769999999997,4787.778817594581
7980.289999999999,10017.669999999998,4793.192614447892
7980.289999999999,9538.969999999998,4798.619609754539
7980.289999999999,9670.52,4803.997495194516
7980.289999999999,10112.559999999998,4809.391830234494
7980.289999999999,9415.699999999997,4814.768084634473
7980.289999999999,10032.449999999999,4820.197243941121
7980.289999999999,9909.359999999997,4825.620958181098
7980.289999999999,10493.179999999998,4831.036512901076
7980.289999999999,9431.599999999997,4836.433911034387
7980.289999999999,10207.779999999997,4841.849955887702
7980.289999999999,9810.269999999997,4847.274077007681
7980.289999999999,10305.149999999998,4852.699825060992
7980.289999999999,10415.539999999999,4858.09414298097
7980.289999999999,9929.549999999997,4863.517826767614
7980.289999999999,10149.529999999997,4868.884101487591
7980.289999999999,10459.880000000003,4874.296048740904
7980.289999999999,9635.899999999998,4879.687524207548
7980.289999999999,9786.909999999998,4885.102009807528
7980.289999999999,10231.739999999996,4890.4922667675055
7980.289999999999,9790.759999999998,4895.901149060817
7980.289999999999,9900.990000000002,4901.325215887464
7980.289999999999,10374.469999999998,4906.735386714109
7980.289999999999,9770.139999999998,4912.185907140755
7980.289999999999,10241.979999999998,4917.600495887401
7980.289999999999,9904.89,4923.019527034046
7980.289999999999,9975.809999999998,4928.43303770069
7980.289999999999,10153.629999999996,4933.867022127337
7980.289999999999,10218.079999999996,4939.2904211673185
7980.289999999999,10651.82,4944.681067033963
7980.289999999999,9853.909999999998,4950.09077311394
7980.289999999999,10153.629999999996,4955.501397060586
7980.289999999999,10101.81,4960.933186020565
7980.289999999999,9809.839999999997,4966.3272038338755
7980.289999999999,10241.729999999996,4971.75174756719
7980.289999999999,9866.439999999997,4977.164942820503
7980.289999999999,9931.38,4982.536230927146
7980.289999999999,9793.34,4987.946407833793
7980.289999999999,10368.089999999997,4993.40188047377
7980.289999999999,9975.809999999998,4998.836722233748
7980.289999999999,10082.759999999997,5004.250249433725
7980.289999999999,10493.179999999998,5009.688014873703
7980.289999999999,10206.889999999998,5015.177682767016
7980.289999999999,10183.259999999998,5020.619882500329
7980.289999999999,10018.569999999998,5026.042959566976
7980.289999999999,10032.449999999999,5031.492433006955
7980.289999999999,10017.669999999998,5036.929853006935
7980.289999999999,10241.979999999998,5042.3497747669135
7980.289999999999,10363.429999999997,5047.75552271356
7980.289999999999,9580.089999999997,5053.174125700206
7980.289999999999,10890.589999999997,5058.586940580184
7980.289999999999,10002.549999999997,5064.009862126831
7980.289999999999,9790.499999999995,5069.428863940143
7980.289999999999,9653.709999999997,5074.819954660121
7980.289999999999,10435.219999999998,5080.253434073432
7980.289999999999,9501.979999999996,5085.636325486743
7980.289999999999,9853.909999999998,5091.037779620055
7980.289999999999,10183.259999999998,5096.415841060031
7980.289999999999,9956.64,5101.83121658001
7980.289999999999,10314.259999999995,5107.288919513324
7980.289999999999,10305.149999999998,5112.7000698599695
7980.289999999999,10183.259999999998,5118.145581006616
7980.289999999999,9771.079999999998,5123.543507299929
7980.289999999999,9834.469999999998,5128.947088419907
7980.289999999999,9730.959999999997,5134.389589806552
7980.289999999999,10685.779999999997,5139.837608206533
7980.289999999999,10890.589999999997,5145.278469219847
7980.289999999999,10374.469999999998,5150.686678179824
7980.289999999999,9831.119999999999,5156.124308153138
7980.289999999999,9930.599999999997,5161.5222207931165
7980.289999999999,10459.880000000003,5166.9411872997625
7980.289999999999,10504.05,5172.363402873074
7980.289999999999,10101.81,5177.768210446387
7980.289999999999,9963.829999999998,5183.209004419699
7980.289999999999,10322.289999999997,5188.679486819677
7980.289999999999,10363.429999999997,5194.10561887299
7980.289999999999,10298.399999999998,5199.528812206302
7980.289999999999,10368.089999999997,5204.980527566283
7980.289999999999,10504.05,5210.399005166261
7980.289999999999,10576.489999999998,5215.860438126242
7980.289999999999,9941.139999999998,5221.282317059553
7980.289999999999,9417.999999999996,5226.660771886197
7980.289999999999,10368.089999999997,5232.128065379509
7980.289999999999,9882.939999999999,5237.541109486156
7980.289999999999,10002.549999999997,5242.943604579467
7980.289999999999,10363.429999999997,5248.373577912779
7980.289999999999,10141.769999999997,5253.7937288994235
7980.289999999999,10074.579999999998,5259.183348312735
7980.289999999999,10128.209999999997,5264.610828846047
7980.289999999999,9577.909999999996,5270.032220366027
7980.289999999999,9790.499999999995,5275.437867992672
7980.289999999999,10778.059999999996,5280.900182765985
7980.289999999999,10308.699999999997,5286.318592845963
7980.289999999999,10363.429999999997,5291.739954979275
7980.289999999999,10305.149999999998,5297.179253059254
7980.289999999999,10141.769999999997,5302.584733805898
7980.289999999999,10757.779999999997,5307.997430659209
7980.289999999999,9828.009999999997,5313.392947405853
7980.289999999999,10141.769999999997,5318.771963512498
7980.289999999999,10029.969999999998,5324.183913645809
7980.289999999999,10354.399999999996,5329.571199885789
7980.289999999999,10890.589999999997,5335.026965752435
7980.289999999999,10067.189999999999,5340.424429699079
7980.289999999999,10020.669999999996,5345.844432899059
7980.289999999999,10091.109999999997,5351.2512997257045
7980.289999999999,10077.589999999998,5356.688696259017
7980.289999999999,9583.519999999999,5362.059058072328
7980.289999999999,10048.509999999998,5367.507569698975
7980.289999999999,10576.489999999998,5372.959137325622
7980.289999999999,9772.229999999996,5378.385828952268
7980.289999999999,10699.229999999998,5383.812243138912
7980.289999999999,9841.649999999998,5389.261696258894
7980.289999999999,9810.269999999997,5394.675360045538
7980.289999999999,9987.869999999997,5400.100222392183
7980.289999999999,10183.259999999998,5405.4941828188275
7980.289999999999,10778.059999999996,5410.912621005472
7980.289999999999,10390.98,5416.312364472117
7980.289999999999,10271.529999999999,5421.740278338762
7980.289999999999,9758.719999999998,5427.183204312075
7980.289999999999,9723.239999999996,5432.627046178723
7980.289999999999,10480.52,5438.072984632034
7980.289999999999,9952.039999999997,5443.478473165344
7980.289999999999,10002.549999999997,5448.943744045325
7980.289999999999,10464.669999999998,5454.386637591972
7980.289999999999,10778.059999999996,5459.830081325285
7980.289999999999,9826.119999999997,5465.223398871931
7980.289999999999,10068.159999999998,5470.646899725241
7980.289999999999,10067.189999999999,5476.0510035652205
7980.289999999999,9418.249999999998,5481.415127191864
7980.289999999999,10207.779999999997,5486.845537538507
7980.289999999999,10357.76,5492.277995618487
7980.289999999999,10436.719999999998,5497.685473591798
7980.289999999999,9810.269999999997,5503.078548311776
7980.289999999999,10322.289999999997,5508.495711831754
7980.289999999999,10357.76,5513.9452250584
7980.289999999999,9587.900000000003,5519.352636365046
7980.289999999999,10298.399999999998,5524.7953213783585
7980.289999999999,10464.669999999998,5530.266487885005
7980.289999999999,10158.299999999997,5535.689548738314
7980.289999999999,10591.619999999997,5541.13465876496
7980.289999999999,10308.699999999997,5546.575399138273
7980.289999999999,9849.209999999997,5551.98557801825
7980.289999999999,10685.779999999997,5557.398539138228
7980.289999999999,9263.369999999995,5562.7955917782065
7980.289999999999,10141.769999999997,5568.165495298183
7980.289999999999,10298.399999999998,5573.579367351494
7980.289999999999,9772.229999999996,5578.966252791472
7980.289999999999,10415.539999999999,5584.415920524785
7980.289999999999,10685.779999999997,5589.859949804763
7980.289999999999,9956.64,5595.32856399141
7980.289999999999,10357.76,5600.766133911389
7980.289999999999,9801.589999999998,5606.169920631366
7980.289999999999,9635.209999999997,5611.555805431345
7980.289999999999,9723.239999999996,5616.952993804656
7980.289999999999,10218.079999999996,5622.357389431301
7980.289999999999,10271.529999999999,5627.758936204612
7980.289999999999,10493.239999999998,5633.173572257922
7980.289999999999,10390.98,5638.582066231234
7980.289999999999,9519.299999999997,5643.96663817788
7980.289999999999,9621.349999999997,5649.341655511191
7980.289999999999,10354.399999999996,5654.771704417836
7980.289999999999,9880.349999999997,5660.170929697816
7980.289999999999,9724.039999999997,5665.565293591127
7980.289999999999,10436.719999999998,5670.986795191105
7980.289999999999,10116.679999999997,5676.441469591085
7980.289999999999,9886.679999999998,5681.890645377732
7980.289999999999,10339.409999999998,5687.2786385510435
7980.289999999999,10480.52,5692.741250871022
7980.289999999999,10271.529999999999,5698.098295564331
7980.289999999999,10778.059999999996,5703.5316653776445
7980.289999999999,10091.109999999997,5708.9127082576215
7980.289999999999,9674.439999999997,5714.318495564268
7980.289999999999,9427.939999999997,5719.693512470913
7980.289999999999,10207.779999999997,5725.15252799089
7980.289999999999,9868.459999999997,5730.548411297535
7980.289999999999,9694.819999999998,5735.933058070844
7980.289999999999,9793.34,5741.339947030821
7980.289999999999,9956.64,5746.7493462308
7980.289999999999,9803.919999999998,5752.16665951078
7980.289999999999,10435.219999999998,5757.563497270759
7980.289999999999,10778.059999999996,5763.01154399074
7980.289999999999,9632.399999999994,5768.419110657388
7980.289999999999,10067.189999999999,5773.854734230699
7980.289999999999,10493.239999999998,5779.23864543068
7980.289999999999,9304.569999999998,5784.5994114039895
7980.289999999999,9925.879999999997,5790.001317270632
7980.289999999999,10207.779999999997,5795.396604737275
7980.289999999999,10854.169999999996,5800.823830603924
7980.289999999999,10029.969999999998,5806.2488615905695
7980.289999999999,9689.959999999997,5811.655099883882
7980.289999999999,10029.969999999998,5817.088079243864
7980.289999999999,10390.98,5822.505722763844
7980.289999999999,10308.699999999997,5827.898950123824
7980.289999999999,10002.549999999997,5833.326415457134
7980.289999999999,10363.429999999997,5838.762581003779
7980.289999999999,10368.089999999997,5844.172065537089
7980.289999999999,10576.489999999998,5849.6397647370695
7980.289999999999,10435.219999999998,5855.042120630381
7980.289999999999,10459.880000000003,5860.4445500703605
7980.289999999999,10699.229999999998,5865.9132142303415
7980.289999999999,10192.72,5871.294943563652
7980.289999999999,10854.169999999996,5876.748504256964
7980.289999999999,10128.019999999997,5882.1613603636115
7980.289999999999,10082.759999999997,5887.5879733769225
7980.289999999999,10210.98,5893.0072888969025
7980.289999999999,10329.749999999998,5898.390036310215
7980.289999999999,10241.729999999996,5903.787806283525
7980.289999999999,9793.34,5909.183752630168
7980.289999999999,10778.059999999996,5914.614374976814
7980.289999999999,10778.059999999996,5920.034919723458
7980.289999999999,10329.749999999998,5925.441279883438
7980.289999999999,9704.159999999998,5930.848209323421
7980.289999999999,10183.259999999998,5936.285402336731
7980.289999999999,9758.719999999998,5941.7031868167105
7980.289999999999,9886.679999999998,5947.087943616688
7980.289999999999,10757.779999999997,5952.494159403335
7980.289999999999,9813.649999999998,5957.904440896648
7980.289999999999,10032.449999999999,5963.317588789961
7980.289999999999,9585.599999999999,5968.72512062994
7980.289999999999,9770.699999999999,5974.112656896584
7980.289999999999,9948.779999999997,5979.536487669894
7980.289999999999,10576.489999999998,5984.956837963205
7980.289999999999,10339.409999999998,5990.424827723186
7980.289999999999,10890.589999999997,5995.894008256503
7980.289999999999,9910.379999999997,6001.3092335898145
7980.289999999999,9975.809999999998,6006.735354123124
7980.289999999999,10048.509999999998,6012.1477630297695
7980.289999999999,10651.82,6017.569779883082
7980.289999999999,10194.259999999998,6023.0389519363935
7980.289999999999,10305.149999999998,6028.432351403038
7980.289999999999,9948.779999999997,6033.833473536349
7980.289999999999,9969.179999999998,6039.260392576328
7980.289999999999,9476.560000000001,6044.627185642974
7980.289999999999,10778.059999999996,6050.068991402954
7980.289999999999,10410.539999999995,6055.4945623896
7980.289999999999,9848.309999999994,6060.906661056245
7980.289999999999,10052.97,6066.275775349554
7980.289999999999,10068.159999999998,6071.686920682871
7980.289999999999,10435.219999999998,6077.094400256183
7980.289999999999,10207.779999999997,6082.519333429496
7980.289999999999,10101.81,6087.922788522808
7980.289999999999,10363.429999999997,6093.30870009612
7980.289999999999,10339.409999999998,6098.7122485227665
7980.289999999999,9817.619999999997,6104.097379402744
7980.289999999999,9680.219999999996,6109.505964576057
7980.289999999999,9681.159999999996,6114.876841376036
7980.289999999999,10374.469999999998,6120.2495451093455
7980.289999999999,10415.539999999999,6125.668230975995
7980.289999999999,10493.179999999998,6131.084042442642
7980.289999999999,10410.539999999995,6136.507810815955
7980.289999999999,10082.759999999997,6141.905318762602
7980.289999999999,10585.039999999997,6147.354150975914
7980.289999999999,10368.089999999997,6152.768851989227
7980.289999999999,10459.880000000003,6158.228002709208
7980.289999999999,10255.259999999997,6163.637582122518
7980.289999999999,9941.139999999998,6169.063569002497
7980.289999999999,10207.779999999997,6174.492170495811
7980.289999999999,10218.079999999996,6179.995831242459
7980.289999999999,10757.779999999997,6185.378289375772
7980.289999999999,10032.449999999999,6190.762069215749
7980.289999999999,10255.259999999997,6196.19265433573
7980.289999999999,10493.239999999998,6201.622467082375
7980.289999999999,10436.719999999998,6207.04954798902
7980.289999999999,9552.079999999998,6212.485694442331
7980.289999999999,10354.399999999996,6217.909946548977
7980.289999999999,9538.969999999998,6223.318092308958
7980.289999999999,10206.889999999998,6228.718442655604
7980.289999999999,9709.619999999995,6234.109901375581
7980.289999999999,10435.219999999998,6239.503661802226
7980.289999999999,10241.729999999996,6244.947608362204
7980.289999999999,10136.779999999997,6250.351474388849
7980.289999999999,9635.139999999998,6255.786317748828
7980.289999999999,10493.179999999998,6261.202768255475
7980.289999999999,10137.069999999998,6266.607308522121
7980.289999999999,10192.72,6272.006788682098
7980.289999999999,10685.779999999997,6277.425346868743
7980.289999999999,9749.65,6282.81460894872
7980.289999999999,9258.679999999997,6288.201167188698
7980.289999999999,10415.539999999999,6293.598210655342
7980.289999999999,10493.179999999998,6299.051412681988
7980.289999999999,9570.179999999997,6304.430005535299
7980.289999999999,9445.099999999997,6309.802690495275
7980.289999999999,9772.229999999996,6315.201575775256
7980.289999999999,10032.449999999999,6320.611073108567
7980.289999999999,9573.48,6325.976086388542
7980.289999999999,9853.909999999998,6331.384406708526
7980.289999999999,10410.539999999995,6336.750826068503
7980.289999999999,9853.909999999998,6342.173256361816
7980.289999999999,9882.939999999999,6347.596684628463
7980.289999999999,9956.64,6353.017743721776
7980.289999999999,9866.439999999997,6358.419256521755
7980.289999999999,10241.729999999996,6363.8259034550665
7980.289999999999,10018.569999999998,6369.194252095043
7980.289999999999,10459.880000000003,6374.617396681689
7980.289999999999,10112.559999999998,6380.079894015001
7980.289999999999,9694.01,6385.442747988312
7980.289999999999,10206.889999999998,6390.836123508293
7980.289999999999,10255.259999999997,6396.262270334935
7980.289999999999,10206.889999999998,6401.679831028247
7980.289999999999,9900.990000000002,6407.07375065489
7980.289999999999,10354.399999999996,6412.56710500154
7980.289999999999,10480.52,6418.035817161522
7980.289999999999,9866.439999999997,6423.476349481502
7980.289999999999,10576.489999999998,6428.939229534815
7980.289999999999,10271.529999999999,6434.376119508128
7980.289999999999,10206.889999999998,6439.809996254773
7980.289999999999,10415.539999999999,6445.226559881415
7980.289999999999,10464.669999999998,6450.65802510806
7980.289999999999,9708.449999999997,6456.073490174706
7980.289999999999,10314.259999999995,6461.459049694686
7980.289999999999,10576.489999999998,6466.925006014663
7980.289999999999,10504.05,6472.3470585479745
7980.289999999999,9598.319999999998,6477.7225234012885
7980.289999999999,10493.179999999998,6483.179511454598
7980.289999999999,10459.880000000003,6488.584180467911
7980.289999999999,10149.529999999997,6494.010220681226
7980.289999999999,9841.649999999998,6499.448687561206
7980.289999999999,9775.389999999996,6504.846564094518
7980.289999999999,9440.309999999998,6510.233332147831
7980.289999999999,10459.880000000003,6515.658018334478
7980.289999999999,10591.619999999997,6521.086884947786
7980.289999999999,10757.779999999997,6526.507298867765
7980.289999999999,10141.769999999997,6531.91628409441
7980.289999999999,9801.589999999998,6537.3125774277205
7980.289999999999,9987.869999999997,6542.7119531077005
7980.289999999999,10504.05,6548.1533938010125
7980.289999999999,10017.669999999998,6553.577840840992
7980.289999999999,10591.619999999997,6558.996556094305
7980.289999999999,9377.689999999999,6564.354185587615
7980.289999999999,10241.979999999998,6569.78157385426
7980.289999999999,10218.079999999996,6575.226742387575
7980.289999999999,10339.409999999998,6580.670120467554
7980.289999999999,10218.079999999996,6586.086052520865
7980.289999999999,9925.879999999997,6591.504913800844
7980.289999999999,10241.979999999998,6596.941866227489
7980.289999999999,10128.209999999997,6602.314131027464
7980.289999999999,9770.699999999999,6607.714137320775
7980.289999999999,10082.759999999997,6613.113340627419
7980.289999999999,10585.039999999997,6618.52650180073
7980.289999999999,10128.209999999997,6623.9661237740465
7980.289999999999,9963.829999999998,6629.418959987358
7980.289999999999,10112.559999999998,6634.805543027335
7980.289999999999,9489.899999999996,6640.195253960647
7980.289999999999,10890.589999999997,6645.638584520626
7980.289999999999,9730.959999999997,6651.031687507269
7980.289999999999,10591.619999999997,6656.458259453916
7980.289999999999,10464.669999999998,6661.908801693896
7980.289999999999,10585.039999999997,6667.34117812054
7980.289999999999,10480.52,6672.764560680514
7980.289999999999,10077.589999999998,6678.193139773825
7980.289999999999,10074.579999999998,6683.616631240467
7980.289999999999,10141.769999999997,6689.014487133778
7980.289999999999,10091.109999999997,6694.42661550709
7980.289999999999,10158.299999999997,6699.8162562537345
7980.289999999999,10255.259999999997,6705.220280520381
7980.289999999999,10329.749999999998,6710.651797213693
7980.289999999999,10322.289999999997,6716.046889587002
7980.289999999999,10436.719999999998,6721.4763396669805
7980.289999999999,10354.399999999996,6726.87025060029
7980.289999999999,10890.589999999997,6732.325454813601
7980.289999999999,10778.059999999996,6737.750434920247
7980.289999999999,10218.079999999996,6743.202629746895
7980.289999999999,9569.429999999997,6748.604079933541
7980.289999999999,10206.889999999998,6754.018086120188
7980.289999999999,10585.039999999997,6759.497674813502
7980.289999999999,10854.169999999996,6764.92885609348
7980.289999999999,9557.409999999998,6770.351166493466
7980.289999999999,9868.459999999997,6775.731053213445
7980.289999999999,9761.439999999999,6781.132520360091
7980.289999999999,10435.219999999998,6786.594974493401
7980.289999999999,9801.589999999998,6791.973291133381
7980.289999999999,10415.539999999999,6797.3693745466935
7980.289999999999,10017.669999999998,6802.777667560005
7980.289999999999,10314.259999999995,6808.192791026649
7980.289999999999,10435.219999999998,6813.651234493295
7980.289999999999,10699.229999999998,6819.030725106605
7980.289999999999,10699.229999999998,6824.453413426585
7980.289999999999,9853.909999999998,6829.861163399897
7980.289999999999,9445.099999999997,6835.247876839876
7980.289999999999,10074.579999999998,6840.679084946521
7980.289999999999,10136.779999999997,6846.092281053164
7980.289999999999,10585.039999999997,6851.486625959811
7980.289999999999,9575.619999999997,6856.886845106455
7980.289999999999,10308.699999999997,6862.320290279771
7980.289999999999,9910.379999999997,6867.674430386415
7980.289999999999,9904.89,6873.152413319727
7980.289999999999,10368.089999999997,6878.6292443597085
7980.289999999999,10493.179999999998,6884.021713266351
7980.289999999999,9969.179999999998,6889.435383772996
7980.289999999999,10778.059999999996,6894.889175612975
7980.289999999999,9749.65,6900.2790696396205
7980.289999999999,10699.229999999998,6905.720923026271
7980.289999999999,9694.819999999998,6911.100383826247
7980.289999999999,9925.879999999997,6916.505000306226
7980.289999999999,10241.729999999996,6921.925309586202
7980.289999999999,10308.699999999997,6927.353149319515
7980.289999999999,10576.489999999998,6932.770304839497
7980.289999999999,9813.649999999998,6938.143276092807
7980.289999999999,10504.05,6943.607140199454
7980.289999999999,10183.259999999998,6949.028468092768
7980.289999999999,10415.539999999999,6954.439549266079
7980.289999999999,10374.469999999998,6959.881499559391
7980.289999999999,10091.109999999997,6965.315354972702
7980.289999999999,10298.399999999998,6970.756193639351
7980.289999999999,10231.739999999996,6976.163392039328
7980.289999999999,10153.629999999996,6981.5653475059735
7980.289999999999,9347.339999999997,6986.978592785952
7980.289999999999,10305.149999999998,6992.429852892604
7980.289999999999,10271.529999999999,6997.794235452579
7980.289999999999,10699.229999999998,7003.259323132558
7980.289999999999,9817.619999999997,7008.6737971592065
7980.289999999999,10651.82,7014.098183772517
7980.289999999999,10410.539999999995,7019.4747668658265
7980.289999999999,10149.529999999997,7024.869936679137
7980.289999999999,10493.239999999998,7030.291578279116
7980.289999999999,10410.539999999995,7035.713583772426
7980.289999999999,10149.529999999997,7041.121802492404
7980.289999999999,10435.219999999998,7046.588005105717
7980.289999999999,9793.34,7051.990961425695
7980.289999999999,10137.069999999998,7057.415976145674
7980.289999999999,10308.699999999997,7062.8506230256535
7980.289999999999,9317.919999999996,7068.21596798563
7980.289999999999,9866.579999999998,7073.613229425609
7980.289999999999,9713.849999999997,7079.006799078919
7980.289999999999,9705.22,7084.385471345565
7980.289999999999,10141.769999999997,7089.812112998873
7980.289999999999,9866.439999999997,7095.2041337455175
7980.289999999999,9975.809999999998,7100.626100198832
7980.289999999999,10504.05,7106.026640412142
7980.289999999999,9876.039999999997,7111.471402172122
7980.289999999999,9639.08,7116.867537745435
7980.289999999999,10192.72,7122.293815185415
7980.289999999999,10210.98,7127.754087292062
7980.289999999999,10576.489999999998,7133.207831878708
7980.289999999999,10890.589999999997,7138.6005133720155
7980.289999999999,10041.589999999998,7144.036300731993
7980.289999999999,10116.679999999997,7149.479489105307
7980.289999999999,10374.469999999998,7154.92053929195
7980.289999999999,10149.529999999997,7160.323964091929
7980.289999999999,10041.589999999998,7165.75178921191
7980.289999999999,10699.229999999998,7171.179056145222
7980.289999999999,9909.359999999997,7176.588760091864
7980.289999999999,10435.219999999998,7181.9556390785065
7980.289999999999,10651.82,7187.376227345151
7980.289999999999,10415.539999999999,7192.822434918466
7980.289999999999,9956.64,7198.217101531779
7980.289999999999,10207.779999999997,7203.65943918509
7980.289999999999,10091.109999999997,7209.036679291733
7980.289999999999,9587.900000000003,7214.441676518378
7980.289999999999,10480.52,7219.878420571688
7980.289999999999,10504.05,7225.317580625003
7980.289999999999,10101.81,7230.714803238316
7980.289999999999,10410.539999999995,7236.146996731627
7980.289999999999,9970.849999999997,7241.5693444649405
7980.289999999999,10591.619999999997,7246.975325211586
7980.289999999999,10068.159999999998,7252.3872639849005
7980.289999999999,10699.229999999998,7257.827202224877
7980.289999999999,10854.169999999996,7263.270103611521
7980.289999999999,9635.209999999997,7268.6464985981665
7980.289999999999,9900.990000000002,7274.0437163581455
7980.289999999999,10339.409999999998,7279.491038864792
7980.289999999999,10322.289999999997,7284.978929478106
7980.289999999999,9749.049999999997,7290.361510224752
7980.289999999999,10685.779999999997,7295.819595344729
7980.289999999999,10374.469999999998,7301.255356731374
7980.289999999999,9849.209999999997,7306.658458011354
7980.289999999999,9975.809999999998,7312.062164304663
7980.289999999999,9453.809999999998,7317.442067877974
7980.289999999999,10493.179999999998,7322.8804640912895
7980.289999999999,9674.439999999997,7328.275140357936
7980.289999999999,10074.579999999998,7333.681344891247
7980.289999999999,10183.259999999998,7339.119213157894
7980.289999999999,9853.909999999998,7344.543706917873
7980.289999999999,10354.399999999996,7349.940757104518
7980.289999999999,9709.619999999995,7355.35068857116
7980.289999999999,10091.109999999997,7360.763578117805
7980.289999999999,10480.52,7366.223366864451
7980.289999999999,9810.269999999997,7371.637234544433
7980.289999999999,10153.629999999996,7377.0520431310815
7980.289999999999,9975.809999999998,7382.486112891059
7980.289999999999,10354.399999999996,7387.9192920377045
7980.289999999999,10480.52,7393.303241317681
7980.289999999999,10128.019999999997,7398.72555187766
7980.289999999999,10255.259999999997,7404.143168090969
7980.289999999999,10218.079999999996,7409.524121264281
7980.289999999999,9943.55,7414.939135504258
7980.289999999999,10435.219999999998,7420.360955077572
7980.289999999999,10194.259999999998,7425.8034921442195
7980.289999999999,9670.52,7431.208424410868
7980.289999999999,10305.149999999998,7436.605598597515
7980.289999999999,9811.439999999997,7442.003052090828
7980.289999999999,10354.399999999996,7447.447394490808
7980.289999999999,10493.239999999998,7452.867344410788
7980.289999999999,10757.779999999997,7458.271425530768
7980.289999999999,10410.539999999995,7463.655874810746
7980.289999999999,10255.259999999997,7469.068625264061
7980.289999999999,10002.549999999997,7474.500942010706
7980.289999999999,10048.509999999998,7479.926449904018
7980.289999999999,10136.779999999997,7485.321653477328
7980.289999999999,10329.749999999998,7490.746754010639
7980.289999999999,10778.059999999996,7496.153932730617
7980.289999999999,10048.509999999998,7501.580900783929
7980.289999999999,9380.219999999998,7506.950461370575
7980.289999999999,9941.139999999998,7512.37764846389
7980.289999999999,9672.469999999998,7517.806054277203
7980.289999999999,10329.749999999998,7523.244566170516
7980.289999999999,10374.469999999998,7528.682687503831
7980.289999999999,10309.490000000002,7534.098305423808
7980.289999999999,9235.339999999998,7539.472108357118
7980.289999999999,10241.979999999998,7544.871911397096
7980.289999999999,10020.669999999996,7550.288798490408
7980.289999999999,10308.699999999997,7555.702425530385
7980.289999999999,10300.849999999999,7561.157960943697
7980.289999999999,10778.059999999996,7566.586934063675
7980.289999999999,10778.059999999996,7571.962778650318
7980.289999999999,9943.55,7577.370268090295
7980.289999999999,10309.490000000002,7582.773808890272
7980.289999999999,10390.98,7588.225451663586
7980.289999999999,9948.779999999997,7593.600308356898
7980.289999999999,10778.059999999996,7599.050556090208
7980.289999999999,9809.839999999997,7604.440952943524
7980.289999999999,10048.509999999998,7609.832471663503
7980.289999999999,10141.769999999997,7615.251079396818
7980.289999999999,10091.109999999997,7620.670697903464
7980.289999999999,9511.869999999995,7626.062463983441
7980.289999999999,9969.179999999998,7631.4563031834205
7980.289999999999,10153.629999999996,7636.861581796734
7980.289999999999,9970.849999999997,7642.283079450042
7980.289999999999,10464.669999999998,7647.721294276687
7980.289999999999,10158.299999999997,7653.181137316669
7980.289999999999,10504.05,7658.565280569979
7980.289999999999,10390.98,7663.95292990329
7980.289999999999,10435.219999999998,7669.3611936366015
7980.289999999999,10591.619999999997,7674.821865316581
7980.289999999999,9943.55,7680.216205849894
7980.289999999999,9866.439999999997,7685.622608516541
7980.289999999999,10218.079999999996,7691.067535183186
7980.289999999999,10436.719999999998,7696.489391023163
7980.289999999999,9831.119999999999,7701.891918383143
7980.289999999999,10309.490000000002,7707.310212516454
7980.289999999999,10890.589999999997,7712.7357756631
7980.289999999999,9772.229999999996,7718.165631823082
7980.289999999999,9826.119999999997,7723.589186809727
7980.289999999999,10374.469999999998,7729.0109742763725
7980.289999999999,10194.259999999998,7734.41191427635
7980.289999999999,10778.059999999996,7739.847322382997
7980.289999999999,10585.039999999997,7745.262878062976
7980.289999999999,10271.529999999999,7750.697675022954
7980.289999999999,9952.039999999997,7756.117368889598
7980.289999999999,10480.52,7761.53227011624
7980.289999999999,9900.990000000002,7766.927124836216
7980.289999999999,9801.589999999998,7772.29722830286
7980.289999999999,10308.699999999997,7777.715464516172
7980.289999999999,10300.849999999999,7783.111348249484
7980.289999999999,9931.38,7788.513729689464
7980.289999999999,10464.669999999998,7793.945915076109
7980.289999999999,9804.039999999997,7799.361172622758
7980.289999999999,10207.779999999997,7804.825008569406
7980.289999999999,10158.299999999997,7810.247893209384
7980.289999999999,10854.169999999996,7815.712495502697
7980.289999999999,10116.679999999997,7821.121788622677
7980.289999999999,10067.189999999999,7826.515358542655
7980.289999999999,9271.589999999997,7831.887775395966
7980.289999999999,9575.619999999997,7837.295896355944
7980.289999999999,10101.81,7842.687733529255
7980.289999999999,10585.039999999997,7848.126472622569
7980.289999999999,9925.879999999997,7853.540506329214
7980.289999999999,9698.459999999997,7858.921925209192
7980.289999999999,10308.699999999997,7864.345296142502
7980.289999999999,10504.05,7869.737540995817
7980.289999999999,9377.999999999996,7875.141372302459
7980.289999999999,10591.619999999997,7880.56929166244
7980.289999999999,9640.41,7885.952205849087
7980.289999999999,9626.819999999998,7891.370682755733
7980.289999999999,10322.289999999997,7896.755698595712
7980.289999999999,10116.679999999997,7902.165566595693
7980.289999999999,10210.98,7907.571485422338
7980.289999999999,10699.229999999998,7912.9770926223155
7980.289999999999,10329.749999999998,7918.3917257422945
7980.289999999999,9770.699999999999,7923.812724195607
7980.289999999999,9910.379999999997,7929.228975822258
7980.289999999999,10890.589999999997,7934.701613582237
7980.289999999999,9790.499999999995,7940.112292942217
7980.289999999999,10493.239999999998,7945.55665688886
7980.289999999999,10074.579999999998,7950.961176995505
7980.289999999999,9694.759999999997,7956.347701048813
7980.289999999999,10757.779999999997,7961.799213742124
7980.289999999999,10255.259999999997,7967.1992836621
7980.289999999999,10363.429999999997,7972.599496408746
7980.289999999999,10374.469999999998,7978.034625475389
7980.289999999999,10305.149999999998,7983.474905902036
7980.289999999999,9866.439999999997,7988.885840888682
7980.289999999999,9931.38,7994.278533848661
7980.289999999999,10308.699999999997,7999.658619555305
7980.289999999999,10374.469999999998,8005.095002648618
7980.289999999999,10112.559999999998,8010.49437662193
7980.289999999999,9849.209999999997,8015.90818590191
7980.289999999999,10890.589999999997,8021.3650207285555
7980.289999999999,10074.579999999998,8026.754601688532
7980.289999999999,10436.719999999998,8032.226254648511
7980.289999999999,10298.399999999998,8037.662426328494
7980.289999999999,10137.069999999998,8043.063841741806
7980.289999999999,10158.299999999997,8048.482084781786
7980.289999999999,10504.05,8053.9186512351
7980.289999999999,10591.619999999997,8059.361972888412
7980.289999999999,10309.490000000002,8064.76575811506
7980.289999999999,10112.559999999998,8070.182290061705
7980.289999999999,10067.189999999999,8075.662324675017
7980.289999999999,9591.729999999994,8081.06327576833
7980.289999999999,10153.629999999996,8086.51030099498
7980.289999999999,9848.309999999994,8091.9104101682915
7980.289999999999,9866.579999999998,8097.331110328271
7980.289999999999,10002.549999999997,8102.731544034913
7980.289999999999,10410.539999999995,8108.151564461559
7980.289999999999,9437.629999999997,8113.5388452082025
7980.289999999999,9970.849999999997,8118.938914808179
7980.289999999999,9770.699999999999,8124.336371928159
7980.289999999999,10854.169999999996,8129.722674754803
7980.289999999999,10112.559999999998,8135.1332156081135
7980.289999999999,10591.619999999997,8140.534393848091
7980.289999999999,9969.179999999998,8145.923411341404
7980.289999999999,10052.97,8151.330044674714
7980.289999999999,10757.779999999997,8156.774096408027
7980.289999999999,10309.490000000002,8162.21840622134
7980.289999999999,10778.059999999996,8167.643505954654
7980.289999999999,9775.389999999996,8173.01882035463
7980.289999999999,10218.079999999996,8178.446472461277
7980.289999999999,10591.619999999997,8183.873602647921
7980.289999999999,9831.119999999999,8189.259515607899
7980.289999999999,10480.52,8194.660294274545
7980.289999999999,10298.399999999998,8200.098376514523
7980.289999999999,10685.779999999997,8205.527511714501
7980.289999999999,9790.499999999995,8210.963348727813
7980.289999999999,10112.559999999998,8216.375766487792
7980.289999999999,10298.399999999998,8221.791637901102
7980.289999999999,10231.739999999996,8227.183784621082
7980.289999999999,10651.82,8232.601710007724
7980.289999999999,10699.229999999998,8238.034758594367
7980.289999999999,10149.529999999997,8243.467376727678
7980.289999999999,10153.629999999996,8248.885114594324
7980.289999999999,10018.569999999998,8254.304340034305
7980.289999999999,10136.779999999997,8259.730513954282
7980.289999999999,10128.209999999997,8265.14210803426
7980.289999999999,10436.719999999998,8270.596607554242
7980.289999999999,9772.229999999996,8276.000457527552
7980.289999999999,10314.259999999995,8281.437425367532
7980.289999999999,10493.179999999998,8286.864053740843
7980.289999999999,10410.539999999995,8292.296079874159
7980.289999999999,10314.259999999995,8297.706203020804
7980.289999999999,10077.589999999998,8303.088949154113
7980.289999999999,9599.170000000002,8308.486149474094
7980.289999999999,8993.269999999995,8313.836638860737
7980.289999999999,10435.219999999998,8319.22267619405
7980.289999999999,9970.849999999997,8324.633613900693
7980.289999999999,9970.849999999997,8330.006836727336
7980.289999999999,10390.98,8335.436500300646
7980.289999999999,10436.719999999998,8340.905580780623
7980.289999999999,10128.019999999997,8346.303559713935
7980.289999999999,10435.219999999998,8351.702700727246
7980.289999999999,9213.96,8357.078175233892
7980.289999999999,10112.559999999998,8362.51433619387
7980.289999999999,9694.01,8367.94202163385
7980.289999999999,9537.569999999998,8373.314140140492
7980.289999999999,10052.97,8378.742019873805
7980.289999999999,10354.399999999996,8384.199171287122
7980.289999999999,10651.82,8389.660809260438
7980.289999999999,10368.089999999997,8395.09335838042
7980.289999999999,10480.52,8400.488472887064
7980.289999999999,10757.779999999997,8405.913457313709
7980.289999999999,10390.98,8411.330504567022
7980.289999999999,9704.159999999998,8416.705822807
7980.289999999999,10778.059999999996,8422.11353662031
7980.289999999999,10591.619999999997,8427.52967870029
7980.289999999999,10459.880000000003,8432.968565206935
7980.289999999999,10300.849999999999,8438.40103043358
7980.289999999999,9540.209999999997,8443.823301153558
7980.289999999999,10002.549999999997,8449.215324300203
7980.289999999999,9730.959999999997,8454.631496513517
7980.289999999999,9653.709999999997,8460.042119073496
7980.289999999999,10410.539999999995,8465.465170646807
